Session Title,Player Name,Minutes Played,Split Name,Tags,Player Name,Distance (miles),Player Name,Sprint Distance (yards),Player Name,Power Plays,Energy (kcal),Impacts,Hr Load,Time In Red Zone (min),Player Load,Player Name,Top Speed (mph),Distance Per Min (yd/min),Power Score (w/kg),Work Ratio,Hr Max (bpm),Distance in Speed Zone 1 (miles),Distance in Speed Zone 2 (miles),Distance in Speed Zone 3 (miles),Distance in Speed Zone 4 (miles),Distance in Speed Zone 5 (miles),Time in Speed Zone 1 (secs),Time in Speed Zone 2 (secs),Time in Speed Zone 3 (secs),Time in Speed Zone 4 (secs),Time in Speed Zone 5 (secs),Impact Zones: 3 - 5 G (Impacts),Impact Zones: 5 - 10 G (Impacts),Impact Zones: 10 - 15 G (Impacts),Impact Zones: 15 - 20 G (Impacts),Impact Zones: > 20 G (Impacts),Power Play Duration Zones: 0 - 2.5 s (Power Plays),Power Play Duration Zones: 2.5 - 5 s (Power Plays),Power Play Duration Zones: 5 - 7.5 s (Power Plays),Power Play Duration Zones: 7.5 - 10 s (Power Plays),Power Play Duration Zones: > 10 s (Power Plays),Distance in Deceleration Zones: 0 - 1 m/s/s (miles),Distance in Deceleration Zones: 1 - 2 m/s/s (miles),Distance in Deceleration Zones: 2 - 3 m/s/s (miles),Distance in Deceleration Zones: 3 - 4 m/s/s (miles),Distance in Deceleration Zones: > 4 m/s/s (miles),Time in Deceleration Zones: 0 - 1 m/s/s (secs),Time in Deceleration Zones: 1 - 2 m/s/s (secs),Time in Deceleration Zones: 2 - 3 m/s/s (secs),Time in Deceleration Zones: 3 - 4 m/s/s (secs),Time in Deceleration Zones: > 4 m/s/s (secs),Distance in Acceleration Zones: 0 - 1 m/s/s (miles),Distance in Acceleration Zones: 1 - 2 m/s/s (miles),Distance in Acceleration Zones: 2 - 3 m/s/s (miles),Distance in Acceleration Zones: 3 - 4 m/s/s (miles),Distance in Acceleration Zones: > 4 m/s/s (miles),Time in Acceleration Zones: 0 - 1 m/s/s (secs),Time in Acceleration Zones: 1 - 2 m/s/s (secs),Time in Acceleration Zones: 2 - 3 m/s/s (secs),Time in Acceleration Zones: 3 - 4 m/s/s (secs),Time in Acceleration Zones: > 4 m/s/s (secs),Distance in Power Zone: 0 - 5 w/kg (miles),Distance in Power Zone: 5 - 10 w/kg (miles),Distance in Power Zone: 10 - 15 w/kg (miles),Distance in Power Zone: 15 - 20 w/kg (miles),Distance in Power Zone: 20 - 25 w/kg (miles),Distance in Power Zone: 25 - 30 w/kg (miles),Distance in Power Zone: 30 - 35 w/kg (miles),Distance in Power Zone: 35 - 40 w/kg (miles),Distance in Power Zone: 40 - 45 w/kg (miles),Distance in Power Zone: 45 - 50 w/kg (miles),Distance in Power Zone: > 50 w/kg (miles),Time in Power Zone: 0 - 5 w/kg (secs),Time in Power Zone: 5 - 10 w/kg (secs),Time in Power Zone: 10 - 15 w/kg (secs),Time in Power Zone: 15 - 20 w/kg (secs),Time in Power Zone: 20 - 25 w/kg (secs),Time in Power Zone: 25 - 30 w/kg (secs),Time in Power Zone: 30 - 35 w/kg (secs),Time in Power Zone: 35 - 40 w/kg (secs),Time in Power Zone: 40 - 45 w/kg (secs),Time in Power Zone: 45 - 50 w/kg (secs),Time in Power Zone: > 50 w/kg (secs),Time in HR Load Zone 0% - 60% Max HR(secs),Time in HR Load Zone 60% - 75% Max HR (secs),Time in HR Load Zone 75% - 85% Max HR (secs),Time in HR Load Zone 85% - 96% Max HR (secs),Time in HR Load Zone 96% - 100% Max HR (secs),Accelerations Zone Count: 0 - 1 m/s/s,Accelerations Zone Count: 1 - 2 m/s/s,Accelerations Zone Count: 2 - 3 m/s/s,Accelerations Zone Count: 3 - 4 m/s/s,Accelerations Zone Count: > 4 m/s/s,Deceleration Zone Count: 0 - 1 m/s/s,Deceleration Zone Count: 1 - 2 m/s/s,Deceleration Zone Count: 2 - 3 m/s/s,Deceleration Zone Count: 3 - 4 m/s/s,Deceleration Zone Count: > 4 m/s/s,,,Player Name
Centre,O,45,game,game,O,3.105,O,398.4863,O,34,457.1309,0,0,0,222.8808,O,15.6786,57.8293,4.1643,20.4536,18,0.4095,1.5458,0.9234,0.222,0.0044,3714.1,1502.1,390.8,62.4,1,45,0,0,0,0,0,22,8,2,2,1.2263,0.2741,0.0683,0.021,0.007,1735.4,196.5,38.6,11.5,3.2,1.1643,0.2749,0.0593,0.0088,0.0011,3424.7,208.5,42.7,8.2,1.1,0.7096,0.7887,0.5912,0.4666,0.2301,0.1408,0.0786,0.0412,0.0308,0.018,0.0094,4122.9,783.8,346.4,206.3,92.1,52.7,28.6,15.6,11,7,4,5670.4,0,0,0,0,0,134,84,26,8,0,129,67,32,13,45,45,O
Centre,M,34,game,game,M,2.1197,M,248.5076,M,20,333.0497,1,0,0,153.2992,M,14.4657,39.2155,2.7584,13.7377,0,0.2928,1.1208,0.5649,0.1412,0,4329.2,1092.6,246,40.6,0,61,1,0,0,0,0,13,6,0,1,0.8137,0.156,0.054,0.0136,0.0049,1044.7,113.5,29.9,6.9,2.2,0.8833,0.1614,0.0288,0.0035,0.0004,4366.2,121.5,20.3,2.7,0.5,0.5209,0.5693,0.4366,0.2671,0.1531,0.0839,0.034,0.0269,0.013,0.0047,0.0103,4642.6,566.4,252.5,123.7,60.3,30.8,12,9.8,4.5,1.8,4,5708.2,0,0,0,0,0,94,41,11,1,0,80,51,20,6,26,26,M
Centre,V,45,game,game,V,2.9812,V,109.1248,V,17,527.5682,0,0,0,235.1809,V,14.9777,55.154,3.8477,21.8608,0,2.6707,0.1784,0.0701,0.0396,0.0224,5603.9,65.3,22.5,11.1,5.6,88,0,0,0,0,0,12,2,2,1,1.2492,0.2255,0.0476,0.0101,0.0027,1387.6,168.2,28.7,5.7,1.4,1.2018,0.1978,0.038,0.0075,0.0011,3908.8,168.2,32.2,6.6,1,0.6113,0.8861,0.7652,0.4087,0.1525,0.0784,0.0389,0.0184,0.0082,0.0049,0.0087,4098.6,851.4,441.7,189.3,64.1,31.3,15,7.5,3.5,1.9,4.1,5708.2,0,0,0,0,0,139,71,19,6,0,153,58,18,8,26,26,V
Centre,K ,90,game,game,K ,5.7231,K ,287.2651,K ,41,1026.284,0,0,0,388.9527,K ,16.7126,105.8794,7.3751,39.8111,0,5.0429,0.3164,0.2006,0.088,0.0752,5485.8,115.8,64,24.7,17.9,87,0,0,0,0,0,25,13,3,0,2.4489,0.3742,0.0947,0.0284,0.0081,2573.2,253.7,54.7,15.5,3.9,2.2558,0.4255,0.0776,0.0089,0.001,2440.2,300.4,58.2,7.5,0.9,1.18,1.7759,1.3471,0.6874,0.3494,0.1686,0.0948,0.0531,0.0318,0.0141,0.0209,2557.8,1766.8,774.7,320.4,142.9,66.1,35.1,19.2,11.9,5.3,8,5708.2,0,0,0,0,0,239,141,31,5,0,242,106,43,17,60,60,K 
Centre,A,0,game,game,A,0.1119,A,0,A,0,16.7076,0,0,0,66.529,A,4.4143,2.0709,0.1201,0.0718,0,0.099,0.0129,0,0,0,5692.9,15.4,0,0,0,0,0,0,0,0,0,0,0,0,0,0.0582,0.0016,0.0002,0,0,1845.6,2.7,0.3,0,0,0.0509,0.001,0,0,0,3856.4,3.3,0,0,0,0.1038,0.0081,0.0001,0,0,0,0,0,0,0,0,5699.4,8.8,0.1,0,0,0,0,0,0,0,0,5708.1,0,0,0,0,0,1,0,0,0,0,0,1,0,0,0,0,A
Centre,N ,16,game,game,N ,1.2561,N ,87.5872,N ,15,262.9599,0,0,0,119.1117,N ,14.2271,23.2374,1.6908,7.871,0,1.0354,0.0975,0.0734,0.0371,0.0126,5635.5,35.8,23.4,10.4,3.2,63,0,0,0,0,0,10,4,1,0,0.4729,0.1124,0.0371,0.0118,0.0019,1231,78.2,21.2,6.5,1,0.4751,0.1132,0.0254,0.0051,0.0011,4258,87.7,19.4,4.4,0.9,0.3337,0.3075,0.219,0.1609,0.1015,0.0567,0.0307,0.0213,0.0102,0.0078,0.0068,5110.6,306.9,127.3,73.1,39.1,21.6,11.6,8.2,3.8,3.1,3,5708.1,0,0,0,0,0,49,30,14,4,0,50,28,17,4,21,21,N 
Centre,Q,56,game,game,Q,3.9512,Q,55.0556,Q,20,828.396,1,0,0,289.2512,Q,14.1177,73.0986,5.06,29.585,0,3.5732,0.2614,0.0853,0.0243,0.007,5575.8,96.6,27.3,6.8,1.8,81,1,0,0,0,0,11,8,1,0,1.6238,0.2682,0.0669,0.0191,0.0067,1892.4,192.4,43.4,11.5,3.3,1.6387,0.2807,0.0419,0.0052,0.0001,3302.3,220.5,37.1,5.3,0.1,0.6821,1.0563,1.1275,0.6995,0.2513,0.0816,0.0319,0.0111,0.006,0.0016,0.0024,3552.3,1035.2,629.1,324.3,108.7,35,14.1,4.8,2.8,0.9,1.1,5708.2,0,0,0,0,0,183,88,19,1,0,156,83,34,15,49,49,Q
Centre,B ,26,game,game,B ,2.2492,B ,291.5969,B ,20,393.1725,0,0,0,155.5344,B ,16.976,41.6113,2.911,16.9686,0,0.2171,1.1676,0.6989,0.1512,0.0144,4339.9,1015.3,306.1,43.8,3.1,34,0,0,0,0,0,8,6,5,1,0.9423,0.1684,0.0348,0.0079,0.0017,1067.9,116.1,19.3,4.2,1,0.9049,0.1621,0.0235,0.0036,0.0002,4351,127.9,17.5,3.1,0.2,0.3543,0.5775,0.6456,0.3211,0.1777,0.0761,0.0439,0.0207,0.0134,0.0105,0.0084,4525.1,537.7,371.6,147,67,26.4,14.9,7.2,4.8,3.4,3.1,5708.2,0,0,0,0,0,112,32,10,1,0,101,37,14,4,18,18,B 
Centre,I,29,game,game,I,2.1043,I,156.4584,I,23,303.953,0,0,0,157.4588,I,14.2469,39.267,2.7747,13.6659,0,1.6805,0.1954,0.1395,0.0652,0.0237,5518.3,71.6,44.2,18.4,6.1,104,1,0,0,0,0,11,6,4,2,0.8349,0.1575,0.0431,0.0134,0.0054,964.1,107.4,24.8,8,2.7,0.8604,0.156,0.0284,0.0044,0.0007,4404.9,119.8,22.2,4.1,0.6,0.4949,0.4314,0.4419,0.3369,0.2076,0.1069,0.0493,0.0185,0.009,0.005,0.0029,4686.9,420.2,253.7,148.4,77,38.6,19.2,7.1,3.7,2.4,1.4,5658.5,0,0,0,0,0,90,39,11,4,0,74,42,19,8,27,27,I
Centre,E,39,game,game,E,3.0023,E,81.0474,E,12,596.7952,0,0,0,241.3489,E,13.0141,55.5442,3.9409,23.2359,0,0.2942,1.7786,0.8834,0.046,0,3716.1,1592.1,386.2,14,0,185,0,0,0,0,0,8,3,0,1,1.1826,0.2709,0.0547,0.0148,0.0034,1368.4,204,36.4,8.7,1.9,1.1841,0.2434,0.0412,0.0061,0.0011,3842.4,202.5,36.7,6.4,1,0.5313,0.9009,0.7932,0.4671,0.1828,0.0662,0.0354,0.0121,0.006,0.0025,0.0049,4037.6,846.4,466.7,219.6,80.5,30.2,15.3,5.5,2.9,1.1,2.6,5708.2,0,0,0,0,0,185,89,21,5,0,163,73,21,10,31,31,E
Centre,S ,90,game,game,S ,5.5656,S ,198.7253,S ,39,1025.3505,1,0,0,375.117,S ,16.7126,102.9648,7.2615,41.6516,0,4.8874,0.3966,0.1687,0.0572,0.0557,5478.6,146.2,53.9,16.1,13.5,168,1,0,0,0,0,28,8,3,0,2.1618,0.4266,0.1359,0.037,0.0092,2352.1,306.6,81.7,20.4,4.9,2.2837,0.411,0.085,0.0137,0.0015,2550.3,313.8,64.8,12.1,1.6,1.098,1.7646,1.2264,0.7717,0.3401,0.1688,0.0898,0.0448,0.0301,0.0162,0.0151,2623.3,1738.8,707,349.8,143.8,67.6,35.8,17.4,11.4,6.5,6.9,5708.1,0,0,0,0,0,249,122,41,8,0,196,138,52,22,74,74,S 
Centre,J,43,game,game,J,2.5294,J,51.696,J,19,486.5385,0,0,0,178.9252,J,14.2668,46.7956,3.2569,19.6468,0,2.279,0.1508,0.0702,0.0239,0.0055,5622.3,55.4,22.4,6.8,1.4,32,0,0,0,0,0,14,2,3,0,1.0782,0.1818,0.0465,0.0107,0.0032,1803.9,144.9,28.7,5.9,1.5,0.9922,0.1711,0.0335,0.0099,0.0024,3547.8,137,26.8,9.5,2.3,0.5288,1.0149,0.4329,0.2814,0.1318,0.0651,0.0329,0.0143,0.0137,0.0067,0.0069,4215,1004,245.4,127.3,55.4,27.8,14.3,6.3,5.7,3.2,3.9,0,0,0,0,0,0,102,46,20,12,0,87,48,22,8,30,30,J
Centre,L ,90,game,game,L ,6.0689,L ,296.3103,L ,34,1033.3013,5,0,0,439.0057,L ,16.4044,112.2765,7.8894,46.337,0,5.4144,0.3086,0.1775,0.1078,0.0605,5492.8,113.9,56.5,30.2,15,116,5,0,0,0,0,17,9,7,1,2.546,0.4728,0.0954,0.0305,0.0063,2487.9,341,58,17.4,3.5,2.3641,0.4526,0.0885,0.0118,0.0008,2342.2,371.2,74.6,11.8,0.8,1.0189,1.7108,1.7454,0.8608,0.369,0.1786,0.0912,0.0464,0.0209,0.0134,0.0135,2379.9,1624.9,1000.1,408.1,154.3,68.3,34.9,18.1,8.7,5.7,5.4,5708.2,0,0,0,0,0,298,164,46,3,0,296,122,55,15,70,70,L 
Centre,C ,50,game,game,C ,3.7965,C ,153.626,C ,31,671.1033,1,0,0,309.8402,C ,14.6048,70.2357,4.9689,29.8891,0,3.1905,0.326,0.1927,0.07,0.0173,5502.7,120,61.3,19.7,4.4,351,1,0,0,0,0,17,9,1,4,1.5087,0.3203,0.0663,0.0147,0.003,1743,214.5,38.3,8.1,1.4,1.5131,0.3186,0.0457,0.0059,0.0002,3438.7,224.6,34.1,5.2,0.2,0.5189,1.0801,0.9509,0.6641,0.3041,0.1418,0.0739,0.0362,0.0143,0.0076,0.0044,3615.7,1020.1,544.4,298.4,120.6,54.7,29.1,13.9,6,3.2,2,5708.2,0,0,0,0,0,199,81,21,4,0,185,76,28,7,35,35,C 
Centre,R,48,game,game,R,3.5671,R,385.7676,R,21,603.6961,1,0,0,235.6564,R,16.8816,65.9926,4.6093,25.1962,0,0.3757,1.894,1.0782,0.2042,0.015,3376.8,1797.3,473.3,57.7,3.3,61,1,0,0,0,0,6,10,3,2,1.4862,0.24,0.0746,0.0216,0.0055,1829.9,171.7,46.5,12.2,3,1.435,0.2469,0.0514,0.0045,0.0014,3407.4,192.9,39.6,3.9,1.3,0.7167,0.9598,0.8753,0.5305,0.2445,0.1164,0.0483,0.0357,0.0186,0.0088,0.0125,3842.2,937.3,501.7,242.3,97.1,42.9,17.4,12.5,6.9,3.1,5,5708.2,0,0,0,0,0,142,85,16,5,0,129,70,36,11,47,47,R
Centre,G ,72,game,game,G ,4.4659,G ,387.3632,G ,43,740.4369,0,0,0,300.9149,G ,16.464,82.621,5.8357,32.0913,0,3.801,0.2583,0.1865,0.1407,0.0794,5495.6,94.8,59.1,39.5,19.4,98,0,0,0,0,0,21,17,2,3,1.8488,0.3243,0.0984,0.0256,0.006,2251,227.1,53.6,13,2.8,1.7327,0.3397,0.0769,0.0117,0.0018,2838.9,256,53.9,10.1,2,0.9219,1.5663,0.7947,0.4704,0.2987,0.1862,0.0904,0.0624,0.035,0.0191,0.0208,3208.7,1552.6,464.5,215,114.6,66.4,34.3,22.9,13.2,7.5,8.7,5708.2,0,0,0,0,0,167,104,31,8,0,158,82,37,10,47,47,G 
Centre,X,0,game,game,X,0.101,X,0,X,0,17.4786,0,0,0,71.1422,X,3.4399,1.8694,0.1081,0.007,0,0.098,0.003,0,0,0,5704.2,4.2,0,0,0,0,0,0,0,0,0,0,0,0,0,0.0524,0.0016,0.0001,0,0,1959.1,3.9,0.1,0,0,0.0462,0.0007,0,0,0,3742.6,2.7,0,0,0,0.1,0.0011,0,0,0,0,0,0,0,0,0,5707,1.4,0,0,0,0,0,0,0,0,0,5708.2,0,0,0,0,0,0,0,0,0,0,0,1,0,0,0,0,X
Centre,U,36,game,game,U,2.8277,U,117.5204,U,28,458.2591,0,0,0,199.1636,U,14.3464,57.9488,4.2046,23.954,0,2.3247,0.2877,0.1486,0.0541,0.0127,4981.4,105.4,47.6,15.2,3.2,57,0,0,0,0,0,18,8,0,2,1.0712,0.2157,0.074,0.0324,0.0102,1468.6,143.7,42.1,16.8,5.3,1.1272,0.2391,0.0426,0.013,0.0024,3260.8,171.5,31.4,10.5,2.1,0.4425,0.7986,0.6073,0.4809,0.2667,0.1158,0.0483,0.0263,0.0212,0.0074,0.0129,3615,776.3,347.7,212.3,106.3,46.3,19.7,10.6,8.7,3.4,6.5,5152.7,0,0,0,0,0,146,50,31,8,0,93,63,39,24,63,63,U
Centre,P,61,game,game,P,3.7186,P,115.9314,P,21,655.5442,0,0,0,233.3173,P,14.7937,76.3094,5.2252,26.7566,0,3.3471,0.2096,0.0961,0.0404,0.0255,5020.6,77.4,30.7,11.3,6.4,48,0,0,0,0,0,15,4,2,0,1.6631,0.1914,0.0564,0.0241,0.0098,1869.5,148.8,32.7,11.6,4.4,1.5083,0.2108,0.0444,0.0086,0.0017,2869.1,165,36,7.8,1.5,0.9875,1.1083,0.8145,0.4302,0.1809,0.0919,0.0494,0.0263,0.0141,0.0083,0.0072,3221.9,1107.5,464.8,197.1,76.6,35.5,19.4,10.4,6.1,3.4,3.7,5146.4,0,0,0,0,0,122,73,25,9,0,119,52,36,15,51,51,P
Centre,H ,29,game,game,H ,1.8599,H ,96.4772,H ,13,296.1609,0,0,0,183.3103,H ,15.2859,34.4094,2.3725,12.0106,0,1.6541,0.0853,0.0657,0.032,0.0228,5641.4,31.4,20.9,8.9,5.7,54,0,0,0,0,0,9,2,2,0,0.8027,0.1091,0.0332,0.0123,0.0045,2494.3,86.5,19,6.8,2.4,0.7484,0.1229,0.0221,0.0041,0.0006,2971.8,104.4,18.9,3.7,0.5,0.4872,0.5192,0.438,0.1932,0.101,0.0574,0.03,0.0158,0.0098,0.0033,0.0051,4765.3,513.3,253.7,90.5,40.5,20.6,11.7,5.7,3.4,1.2,2.4,5708.3,0,0,0,0,0,66,31,13,3,0,63,26,15,10,25,25,H 
Centre,F ,90,game,game,F ,3.4308,F ,2.4497,F ,3,618.2809,4,0,0,219.4002,F ,12.1591,63.4701,4.1387,15.3233,0,3.3618,0.0526,0.0149,0.0014,0,5683.7,19.4,4.8,0.4,0,30,2,0,0,0,0,3,0,0,0,1.6563,0.1489,0.0254,0.0111,0.0028,2751.1,147,20.3,7.5,1.8,1.4036,0.1544,0.0254,0.0022,0.0008,2567.5,181.1,28.7,2.7,0.6,1.6601,1.0229,0.4653,0.1871,0.0547,0.0207,0.0118,0.0043,0.0016,0.0005,0.0018,4218.7,1063.1,283.2,96.5,27.3,10.3,5.1,2,0.9,0.2,1,5708.2,0,0,0,0,0,133,59,9,4,0,109,43,18,9,27,27,F 
Centre,O,,1st.half,game,O,1.3239,O,186.7077,O,17,197.0224,0,0,0,95.4226,O,15.6786,50.6528,3.6869,17.809,18,0.1725,0.6455,0.3998,0.1034,0.0027,1933.6,628.4,168.6,29.2,0.6,14,0,0,0,0,0,11,3,2,1,0.5186,0.1303,0.032,0.0092,0.0005,792.5,88.5,17.7,5,0.3,0.4782,0.1199,0.0294,0.0051,0.0008,1744.2,87.5,19.3,4.7,0.7,0.2969,0.3385,0.2454,0.1907,0.1006,0.0635,0.0335,0.0219,0.0166,0.01,0.0062,2102.9,334.7,142.8,83.4,39.5,23.9,12.5,8.2,6,3.9,2.6,2760.4,0,0,0,0,0,56,33,13,4,0,60,32,12,3,,,O
Centre,M,,1st.half,game,M,2.0726,M,248.5076,M,20,326.7787,1,0,0,147.3259,M,14.4657,78.2223,5.521,27.9777,0,0.2577,1.1088,0.5649,0.1412,0,1434.2,1077.5,246,40.6,0,61,1,0,0,0,0,13,6,0,1,0.7913,0.1549,0.054,0.0136,0.0049,913.6,111,29.8,6.9,2.2,0.8601,0.1612,0.0288,0.0035,0.0004,1591.2,120.2,20.2,2.7,0.5,0.4807,0.5625,0.4366,0.2671,0.1531,0.0839,0.034,0.0269,0.013,0.0047,0.0103,1740.4,558.5,252.5,123.7,60.3,30.8,12,9.8,4.5,1.8,4,2798.2,0,0,0,0,0,94,41,11,1,0,80,51,20,6,,,M
Centre,V,,1st.half,game,V,2.9265,V,109.1248,V,17,519.1776,0,0,0,226.1997,V,14.9777,110.4486,7.7243,44.5806,0,2.616,0.1784,0.0701,0.0396,0.0224,2693.8,65.3,22.5,11.1,5.6,88,0,0,0,0,0,12,2,2,1,1.2212,0.2238,0.0475,0.0101,0.0027,1184.8,164.2,28.6,5.7,1.4,1.1774,0.1973,0.0379,0.0075,0.0011,1209,165.1,31.9,6.6,1,0.5579,0.8846,0.7652,0.4087,0.1525,0.0784,0.0389,0.0184,0.0082,0.0049,0.0087,1190.5,849.4,441.7,189.3,64.1,31.3,15,7.5,3.5,1.9,4.1,2798.2,0,0,0,0,0,139,71,19,6,0,153,58,18,8,,,V
Centre,K ,,1st.half,game,K ,2.8066,K ,95.3322,K ,19,502.3015,0,0,0,192.4997,K ,16.6082,105.9229,7.3633,40.4674,0,2.5025,0.1563,0.0936,0.0331,0.0211,2696.9,57.2,30,9.3,4.9,47,0,0,0,0,0,12,7,0,0,1.1989,0.1822,0.0449,0.0153,0.0043,1254.8,123.8,26.7,8.5,2.2,1.1025,0.2201,0.0346,0.0037,0.0001,1195.1,158.5,25.8,2.8,0.1,0.5792,0.9025,0.6597,0.332,0.171,0.073,0.0379,0.0236,0.0128,0.0053,0.0096,1231.1,895.5,381.7,155,71.5,30,14.7,8.4,4.8,2.1,3.5,2798.2,0,0,0,0,0,125,75,12,1,0,124,49,21,10,,,K 
Centre,A,,1st.half,game,A,0.0409,A,0,A,0,5.9487,0,0,0,32.6368,A,1.6603,1.5442,0.0872,0,0,0.0408,0.0001,0,0,0,2798.2,0.1,0,0,0,0,0,0,0,0,0,0,0,0,0,0.0225,0.0002,0,0,0,920.5,0.6,0,0,0,0.0181,0.0001,0,0,0,1876.6,0.6,0,0,0,0.0409,0,0,0,0,0,0,0,0,0,0,2798.3,0,0,0,0,0,0,0,0,0,0,2798.2,0,0,0,0,0,0,0,0,0,0,0,0,0,0,,,A
Centre,N ,,1st.half,game,N ,0.0328,N ,0,N ,0,5.6625,0,0,0,10.7615,N ,3.2361,1.2382,0.0743,0.0143,0,0.0328,0,0,0,0,2798.3,0,0,0,0,0,0,0,0,0,0,0,0,0,0,0.0178,0.001,0.0004,0.0001,0,235.7,2.3,0.8,0.1,0,0.0129,0.0005,0.0002,0,0,2555.8,2.9,0.7,0,0,0.0302,0.0026,0,0,0,0,0,0,0,0,0,2794.9,3.4,0,0,0,0,0,0,0,0,0,2798.2,0,0,0,0,0,0,0,0,0,0,0,0,0,0,,,N 
Centre,Q,,1st.half,game,Q,2.3605,Q,38.2479,Q,8,496.2082,1,0,0,170.9978,Q,14.1177,89.0865,6.1829,37.001,0,2.17,0.1266,0.0421,0.0151,0.0066,2732.1,46.8,13.5,4.2,1.7,58,1,0,0,0,0,2,5,1,0,0.9651,0.1638,0.0395,0.0133,0.0039,1032.4,116.4,25.8,7.6,1.9,0.9737,0.1711,0.0265,0.0034,0.0001,1454.5,133.1,23.3,3.2,0.1,0.3771,0.6659,0.6964,0.3979,0.1413,0.0487,0.0201,0.0073,0.0036,0.001,0.0011,1474,649,389.4,187.9,62.2,20.8,8.9,3.3,1.6,0.6,0.6,2798.2,0,0,0,0,0,108,59,10,1,0,108,44,23,10,,,Q
Centre,B ,,1st.half,game,B ,1.4477,B ,128.6523,B ,13,254.3965,0,0,0,100.2185,B ,14.3911,54.639,3.8423,22.3179,0,0.1328,0.7739,0.4679,0.0731,0,1886.5,686.8,203.2,21.7,0,24,0,0,0,0,0,5,5,3,0,0.5982,0.1143,0.0261,0.005,0.0017,636.1,79.7,14.5,3,1,0.575,0.1069,0.0174,0.0029,0.0002,1959.8,88.1,13.2,2.6,0.2,0.2314,0.3905,0.3979,0.2218,0.1172,0.0453,0.0182,0.0101,0.007,0.0039,0.0044,2019.5,368,229.9,101,45.5,16.8,7.3,4.1,2.7,1.6,1.8,2798.2,0,0,0,0,0,75,24,8,1,0,70,26,8,4,,,B 
Centre,I,,1st.half,game,I,0.012,I,0,I,0,1.4634,0,0,0,2.5295,I,1.8244,0.4598,0.0275,0,0,0.012,0,0,0,0,2748.6,0,0,0,0,0,0,0,0,0,0,0,0,0,0,0.0069,0.0008,0,0,0,68.2,2.4,0,0,0,0.004,0.0002,0,0,0,2675.4,2.6,0,0,0,0.0119,0.0001,0,0,0,0,0,0,0,0,0,2748.5,0.1,0,0,0,0,0,0,0,0,0,2748.6,0,0,0,0,0,0,0,0,0,0,0,0,0,0,,,I
Centre,E,,1st.half,game,E,1.4037,E,58.7629,E,9,279.8243,0,0,0,110.8341,E,13.0141,52.9765,3.7694,22.7352,0,0.1172,0.8217,0.4313,0.0334,0,1872.1,727.7,188.4,10.1,0,67,0,0,0,0,0,6,3,0,0,0.5616,0.1249,0.0242,0.007,0.0018,621.5,91.1,16.3,4.1,1,0.5443,0.1163,0.0202,0.0028,0.0005,1945.7,97.4,17.9,2.7,0.6,0.2143,0.4209,0.3841,0.2223,0.0951,0.0337,0.0197,0.0059,0.0033,0.002,0.0024,2002.7,396.8,224.5,104.7,40.2,14.9,8.3,2.5,1.6,0.8,1.3,2798.2,0,0,0,0,0,82,42,9,3,0,74,33,9,5,,,E
Centre,S ,,1st.half,game,S ,2.8532,S ,167.8582,S ,26,527.5712,0,0,0,186.9552,S ,16.7126,107.6824,7.6216,43.3656,0,2.4429,0.2107,0.1042,0.0436,0.0518,2662.8,77.5,33.3,12.2,12.5,87,0,0,0,0,0,17,7,2,0,1.1004,0.2254,0.0724,0.0189,0.0025,1134.6,159.3,42.2,10.1,1.4,1.1669,0.2149,0.0441,0.0067,0.0009,1252.5,158.5,32.9,5.9,0.9,0.5347,0.9031,0.614,0.3823,0.1861,0.1031,0.0561,0.0328,0.0198,0.0118,0.0094,1211.9,898.4,353.9,170.1,76.5,39.2,20.7,12.1,7,4.4,4.1,2798.2,0,0,0,0,0,129,58,20,4,0,99,69,28,7,,,S 
Centre,J,,1st.half,game,J,1.6112,J,11.6021,J,11,307.664,0,0,0,103.7759,J,12.5071,60.8102,4.2013,26.4206,0,1.4635,0.1012,0.0399,0.0066,0,2746.4,37.2,12.7,1.9,0,19,0,0,0,0,0,8,1,2,0,0.7044,0.1079,0.0222,0.0066,0.0027,908.9,86.1,14.4,3.6,1.3,0.6425,0.0981,0.0175,0.0077,0.0016,1680.9,80.5,13.8,7.2,1.5,0.3075,0.6843,0.2778,0.1865,0.0849,0.0331,0.0156,0.0072,0.006,0.0032,0.0051,1811.9,678.8,155.7,83.2,35.8,15.2,6.7,3.5,2.9,1.6,2.9,0,0,0,0,0,0,64,23,14,9,0,51,25,12,6,,,J
Centre,L ,,1st.half,game,L ,2.9971,L ,40.2875,L ,14,506.5937,3,0,0,214.5858,L ,14.4657,113.114,7.8904,47.3109,0,2.7463,0.1607,0.0671,0.0146,0.0083,2711,59.5,21.6,4.1,2.1,48,3,0,0,0,0,8,5,1,0,1.2975,0.2158,0.0414,0.0121,0.0037,1248.2,156.5,26.1,7,2.1,1.1598,0.2198,0.0411,0.0056,0.0003,1132.5,185.1,35.4,5.1,0.3,0.5005,0.8885,0.868,0.4628,0.1566,0.0598,0.0306,0.0148,0.0076,0.0042,0.0038,1114.4,849.2,494.3,218.7,69.3,25.6,13.3,6.1,3.7,1.9,1.8,2798.2,0,0,0,0,0,161,78,18,2,0,152,64,21,9,,,L 
Centre,C ,,1st.half,game,C ,2.0141,C ,52.0208,C ,16,357.586,1,0,0,162.0359,C ,13.4516,76.0146,5.4011,32.2755,0,1.7169,0.1681,0.0996,0.028,0.0016,2696.4,61.7,31.7,7.9,0.4,178,1,0,0,0,0,9,5,1,1,0.7923,0.1734,0.0357,0.0091,0.0024,849.3,118,19.9,5.1,1.1,0.7992,0.1731,0.0246,0.0042,0.0002,1659.9,121.6,19.2,3.8,0.2,0.2742,0.5846,0.5036,0.3527,0.1588,0.0685,0.0408,0.0181,0.0071,0.0043,0.0014,1672.5,557.7,287.7,159.1,63.6,28,16.6,7.2,3.2,1.8,0.7,2798.1,0,0,0,0,0,102,46,14,3,0,102,41,17,5,,,C 
Centre,R,,1st.half,game,R,1.0421,R,108.1263,R,8,180.0582,0,0,0,76.1909,R,15.0174,39.3308,2.8045,15.3951,0,0.1144,0.4879,0.3784,0.0614,0,2163.6,452.9,164.1,17.7,0,21,0,0,0,0,0,3,3,1,1,0.424,0.0755,0.0285,0.0063,0.0023,708.5,51.6,16.9,3.7,1.2,0.4026,0.0778,0.0227,0.0019,0.0005,1937.1,61,16.1,1.7,0.5,0.1884,0.251,0.259,0.1843,0.0825,0.0392,0.0152,0.0102,0.0052,0.0018,0.0055,2264.7,242.2,145.6,82.9,32.5,15,6.2,3.9,2.3,0.7,2.3,2798.2,0,0,0,0,0,36,34,6,2,0,39,29,8,6,,,R
Centre,G ,,1st.half,game,G ,1.7006,G ,144.3543,G ,19,282.881,0,0,0,117.2596,G ,15.8178,64.1835,4.5481,24.2612,0,1.436,0.1079,0.0748,0.0564,0.0256,2713,39.5,23.7,15.8,6.3,36,0,0,0,0,0,11,8,0,0,0.7011,0.1289,0.0365,0.0118,0.0018,972.5,86.2,19.3,5.8,0.8,0.6543,0.1293,0.0312,0.0048,0.0008,1594.4,94.1,20.3,4,0.9,0.3608,0.5727,0.3033,0.181,0.1249,0.0698,0.0309,0.0237,0.0156,0.0085,0.0095,1862.6,571.6,175.5,81.5,47.8,25.7,11.8,8.7,5.9,3.3,3.9,2798.2,0,0,0,0,0,55,40,10,4,0,55,32,13,2,,,G 
Centre,X,,1st.half,game,X,0.0413,X,0,X,0,6.9706,0,0,0,39.012,X,1.7896,1.5573,0.088,0,0,0.0413,0,0,0,0,2798.3,0,0,0,0,0,0,0,0,0,0,0,0,0,0,0.0218,0.0001,0,0,0,1069.1,0.4,0,0,0,0.0193,0,0,0,0,1728.5,0.3,0,0,0,0.0413,0,0,0,0,0,0,0,0,0,0,2798.3,0,0,0,0,0,0,0,0,0,0,2798.2,0,0,0,0,0,0,0,0,0,0,0,0,0,0,,,X
Centre,U,,1st.half,game,U,1.097,U,44.3514,U,13,177.8071,0,0,0,79.028,U,14.0481,51.6487,3.7483,21.9601,0,0.8848,0.1147,0.0724,0.0194,0.0058,2170.9,41.7,23.2,5.4,1.5,22,0,0,0,0,0,7,5,0,1,0.4243,0.085,0.0258,0.0122,0.0027,582.9,54.9,13.8,6.5,1.5,0.4332,0.0919,0.0169,0.004,0.0011,1501.6,64.2,12.8,3.5,1,0.1398,0.289,0.2669,0.1938,0.1098,0.0516,0.0213,0.0123,0.0075,0.0015,0.0036,1646.7,276.9,150.2,86.2,42.9,20.5,8.2,5.1,3.3,0.7,2,2242.7,0,0,0,0,0,58,20,9,3,0,47,22,15,7,,,U
Centre,P,,1st.half,game,P,1.235,P,22.1084,P,7,217.4157,0,0,0,75.7986,P,13.4764,58.325,3.9879,20.8505,0,1.1054,0.0825,0.0345,0.0114,0.0011,2191.2,30.6,11.1,3.2,0.3,15,0,0,0,0,0,5,2,0,0,0.5716,0.0588,0.0161,0.0063,0.0038,593.9,43.8,9.2,3.2,1.7,0.4926,0.0684,0.0145,0.0028,0.0001,1516.2,55.2,10.7,2.4,0.1,0.2932,0.3514,0.3043,0.1631,0.0669,0.0204,0.0189,0.0098,0.0037,0.0018,0.0016,1590.5,350.2,170.8,73.2,28.1,8.7,7.5,4.1,1.8,0.7,0.8,2236.4,0,0,0,0,0,33,26,8,1,0,34,19,9,6,,,P
Centre,H ,,1st.half,game,H ,1.7265,H ,96.4772,H ,13,276.5405,0,0,0,133.6042,H ,15.2859,65.1586,4.5192,23.7653,0,1.5253,0.0806,0.0657,0.032,0.0228,2733.1,29.6,20.9,8.9,5.7,51,0,0,0,0,0,9,2,2,0,0.7436,0.1017,0.0304,0.0123,0.0045,1237.6,79.5,17.1,6.8,2.4,0.6931,0.1141,0.0221,0.0041,0.0006,1336.6,95.1,18.9,3.7,0.5,0.3966,0.5047,0.4282,0.1796,0.0985,0.0556,0.0295,0.0155,0.0098,0.0033,0.0051,1885.3,497.5,248,84.2,39.3,19.8,11.5,5.6,3.4,1.2,2.4,2798.3,0,0,0,0,0,62,30,13,3,0,62,24,15,10,,,H 
Centre,F ,,1st.half,game,F ,1.5969,F ,0,F ,0,283.6376,4,0,0,100.8859,F ,9.9868,60.2678,3.8731,12.6148,0,1.5843,0.0126,0,0,0,2793.6,4.7,0,0,0,8,2,0,0,0,0,0,0,0,0,0.8024,0.054,0.0082,0.0033,0.0011,1387.1,58,6.8,2.4,0.8,0.6588,0.0567,0.0108,0.0008,0.0006,1254.5,74.2,13.1,0.9,0.5,0.8634,0.4611,0.1783,0.0663,0.0175,0.006,0.0026,0.0008,0.0002,0,0.0007,2155.8,482.4,109.7,35.2,9.5,3.3,1.4,0.4,0.2,0,0.4,2798.2,0,0,0,0,0,58,24,3,3,0,45,17,6,4,,,F 
Centre,O,,2nd.half,game,O,1.7812,O,211.7787,O,17,260.1084,0,0,0,127.4582,O,15.3803,64.6358,4.6172,22.9622,0,0.237,0.9003,0.5235,0.1186,0.0018,1780.5,873.7,222.2,33.2,0.4,29,0,0,0,0,0,11,5,0,1,0.7077,0.1438,0.0363,0.0119,0.0065,942.9,108,20.9,6.5,2.9,0.6861,0.155,0.0299,0.0036,0.0004,1680.5,121,23.4,3.5,0.4,0.4127,0.4503,0.3458,0.2759,0.1295,0.0772,0.0451,0.0193,0.0142,0.008,0.0033,2020,449.1,203.6,122.9,52.6,28.8,16.1,7.4,5,3.1,1.4,2910,0,0,0,0,0,78,51,13,4,0,69,35,20,10,,,O
Centre,M,,2nd.half,game,M,0.0471,M,0,M,0,6.2711,0,0,0,5.9732,M,3.4399,1.7099,0.1019,0.0447,0,0.0351,0.012,0,0,0,2895,15.1,0,0,0,0,0,0,0,0,0,0,0,0,0,0.0225,0.0011,0.0001,0,0,131.1,2.5,0.1,0,0,0.0233,0.0002,0,0,0,2775,1.3,0.1,0,0,0.0403,0.0069,0,0,0,0,0,0,0,0,0,2902.2,7.9,0,0,0,0,0,0,0,0,0,2910,0,0,0,0,0,0,0,0,0,0,0,0,0,0,,,M
Centre,V,,2nd.half,game,V,0.0548,V,0,V,0,8.3906,0,0,0,8.9812,V,2.9826,1.9875,0.12,0.0137,0,0.0548,0,0,0,0,2910.1,0,0,0,0,0,0,0,0,0,0,0,0,0,0,0.028,0.0016,0.0001,0,0,202.8,4,0.1,0,0,0.0244,0.0005,0.0001,0,0,2699.8,3.1,0.3,0,0,0.0533,0.0014,0,0,0,0,0,0,0,0,0,2908.1,2,0,0,0,0,0,0,0,0,0,2910,0,0,0,0,0,0,0,0,0,0,0,0,0,0,,,V
Centre,K ,,2nd.half,game,K ,2.9165,K ,191.9329,K ,22,523.9825,0,0,0,196.453,K ,16.7126,105.8375,7.3865,39.18,0,2.5404,0.1601,0.107,0.0549,0.0541,2788.9,58.6,34,15.4,13,39,0,0,0,0,0,13,6,3,0,1.2499,0.192,0.0498,0.0132,0.0037,1318.4,129.9,28,7,1.7,1.1534,0.2054,0.043,0.0052,0.0009,1245.1,141.9,32.4,4.7,0.8,0.6008,0.8735,0.6874,0.3555,0.1784,0.0956,0.0569,0.0295,0.0189,0.0088,0.0113,1326.7,871.3,393,165.4,71.4,36.1,20.4,10.8,7.1,3.2,4.5,2910,0,0,0,0,0,114,66,19,4,0,118,57,22,7,,,K 
Centre,A,,2nd.half,game,A,0.071,A,0,A,0,10.7588,0,0,0,33.8923,A,4.4143,2.5773,0.1517,0.1409,0,0.0582,0.0128,0,0,0,2894.7,15.3,0,0,0,0,0,0,0,0,0,0,0,0,0,0.0358,0.0013,0.0002,0,0,925.1,2.1,0.3,0,0,0.0328,0.0009,0,0,0,1979.8,2.7,0,0,0,0.0628,0.0081,0.0001,0,0,0,0,0,0,0,0,2901.1,8.8,0.1,0,0,0,0,0,0,0,0,2909.9,0,0,0,0,0,1,0,0,0,0,0,1,0,0,,,A
Centre,N ,,2nd.half,game,N ,1.2232,N ,87.5872,N ,15,257.2975,0,0,0,108.3502,N ,14.2271,44.3899,3.2452,15.4261,0,1.0026,0.0975,0.0734,0.0371,0.0126,2837.2,35.8,23.4,10.4,3.2,63,0,0,0,0,0,10,4,1,0,0.455,0.1114,0.0367,0.0118,0.0019,995.3,75.9,20.4,6.4,1,0.4622,0.1127,0.0252,0.0051,0.0011,1702.2,84.8,18.7,4.4,0.9,0.3036,0.3049,0.219,0.1609,0.1015,0.0567,0.0307,0.0213,0.0102,0.0078,0.0068,2315.7,303.5,127.3,73.1,39.1,21.6,11.6,8.2,3.8,3.1,3,2909.9,0,0,0,0,0,49,30,14,4,0,50,28,17,4,,,N 
Centre,Q,,2nd.half,game,Q,1.5907,Q,16.8077,Q,12,332.1878,0,0,0,118.2533,Q,13.0042,57.7261,3.9803,22.4536,0,1.4032,0.1348,0.0433,0.0092,0.0004,2843.7,49.8,13.8,2.6,0.1,23,0,0,0,0,0,9,3,0,0,0.6587,0.1044,0.0274,0.0058,0.0028,860,76,17.6,3.9,1.4,0.665,0.1095,0.0153,0.0018,0,1847.8,87.4,13.8,2.1,0,0.305,0.3903,0.4311,0.3016,0.1099,0.0329,0.0118,0.0038,0.0024,0.0006,0.0013,2078.3,386.2,239.7,136.4,46.5,14.2,5.2,1.5,1.2,0.3,0.5,2910,0,0,0,0,0,75,29,9,0,0,48,39,11,5,,,Q
Centre,B ,,2nd.half,game,B ,0.8015,B ,162.9446,B ,7,138.7759,0,0,0,55.3158,B ,16.976,29.085,2.0155,11.8247,0,0.0843,0.3937,0.2309,0.0781,0.0144,2453.4,328.5,102.9,22.1,3.1,10,0,0,0,0,0,3,1,2,1,0.3441,0.0541,0.0087,0.0029,0,431.8,36.4,4.8,1.2,0,0.3299,0.0552,0.006,0.0007,0,2391.2,39.8,4.3,0.5,0,0.1229,0.187,0.2477,0.0993,0.0605,0.0308,0.0256,0.0107,0.0064,0.0066,0.0039,2505.6,169.7,141.7,46,21.5,9.6,7.6,3.1,2.1,1.8,1.3,2910,0,0,0,0,0,37,8,2,0,0,31,11,6,0,,,B 
Centre,I,,2nd.half,game,I,2.0923,I,156.4584,I,23,302.4896,0,0,0,154.9293,I,14.2469,75.927,5.3695,26.5739,0,1.6685,0.1954,0.1395,0.0652,0.0237,2769.7,71.6,44.2,18.4,6.1,86,0,0,0,0,0,11,6,4,2,0.8279,0.1567,0.0431,0.0134,0.0054,895.9,105,24.8,8,2.7,0.8564,0.1558,0.0284,0.0044,0.0007,1729.5,117.2,22.2,4.1,0.6,0.4829,0.4313,0.4419,0.3369,0.2076,0.1069,0.0493,0.0185,0.009,0.005,0.0029,1938.4,420.1,253.7,148.4,77,38.6,19.2,7.1,3.7,2.4,1.4,2909.9,0,0,0,0,0,90,39,11,4,0,74,42,19,8,,,I
Centre,E,,2nd.half,game,E,1.5987,E,22.2845,E,3,316.9709,0,0,0,130.5147,E,12.5966,58.0131,4.1057,23.7174,0,0.177,0.9569,0.4521,0.0127,0,1844,864.4,197.8,3.9,0,118,0,0,0,0,0,2,0,0,1,0.621,0.146,0.0305,0.0078,0.0016,746.9,112.9,20.1,4.6,0.9,0.6399,0.1271,0.0209,0.0034,0.0005,1896.7,105.1,18.8,3.7,0.4,0.317,0.4799,0.4091,0.2448,0.0877,0.0325,0.0157,0.0062,0.0027,0.0005,0.0024,2034.9,449.6,242.2,114.9,40.3,15.3,7,3,1.3,0.3,1.3,2910,0,0,0,0,0,103,47,12,2,0,89,40,12,5,,,E
Centre,S ,,2nd.half,game,S ,2.7124,S ,30.8671,S ,13,497.7792,1,0,0,188.1618,S ,13.9536,98.4287,6.9152,40.0034,0,2.4445,0.1859,0.0644,0.0136,0.0039,2815.8,68.7,20.6,3.9,1,80,1,0,0,0,0,11,1,1,0,1.0614,0.2012,0.0635,0.0181,0.0066,1217.5,147.3,39.5,10.3,3.5,1.1168,0.1961,0.0409,0.007,0.0006,1297.8,155.3,31.9,6.2,0.7,0.5633,0.8616,0.6123,0.3895,0.154,0.0657,0.0336,0.0119,0.0103,0.0044,0.0058,1411.4,840.4,353.1,179.7,67.3,28.4,15.1,5.3,4.4,2.1,2.8,2909.9,0,0,0,0,0,120,64,21,4,0,97,69,24,15,,,S 
Centre,J,,2nd.half,game,J,0.9182,J,40.0939,J,8,178.8746,0,0,0,75.1493,J,14.2668,33.3204,2.3487,13.1336,0,0.8155,0.0496,0.0303,0.0173,0.0055,2875.9,18.2,9.7,4.9,1.4,13,0,0,0,0,0,6,1,1,0,0.3737,0.074,0.0243,0.0041,0.0005,895,58.8,14.3,2.3,0.2,0.3497,0.073,0.0159,0.0022,0.0008,1866.9,56.5,13,2.3,0.8,0.2213,0.3306,0.1551,0.0949,0.0469,0.032,0.0173,0.007,0.0078,0.0035,0.0018,2403.1,325.2,89.7,44.1,19.6,12.6,7.6,2.8,2.8,1.6,1,0,0,0,0,0,0,38,23,6,3,0,36,23,10,2,,,J
Centre,L ,,2nd.half,game,L ,3.0718,L ,256.0239,L ,20,526.7076,2,0,0,224.4199,L ,16.4044,111.4712,7.8885,45.4005,0,2.6681,0.1479,0.1104,0.0933,0.0522,2781.8,54.4,34.9,26.1,12.9,61,2,0,0,0,0,9,4,6,1,1.2485,0.257,0.054,0.0185,0.0026,1239.7,184.5,31.9,10.4,1.4,1.2043,0.2328,0.0474,0.0062,0.0005,1209.7,186.1,39.2,6.7,0.5,0.5184,0.8223,0.8775,0.3979,0.2124,0.1188,0.0606,0.0317,0.0133,0.0091,0.0097,1265.5,775.7,505.8,189.4,85,42.7,21.6,12,5,3.8,3.6,2910,0,0,0,0,0,137,86,28,1,0,144,58,34,6,,,L 
Centre,C ,,2nd.half,game,C ,1.7824,C ,101.6051,C ,15,313.5173,0,0,0,147.8044,C ,14.6048,64.6792,4.5534,27.5945,0,1.4736,0.1579,0.0931,0.042,0.0157,2806.3,58.3,29.6,11.8,4,173,0,0,0,0,0,8,4,0,3,0.7164,0.147,0.0306,0.0056,0.0006,893.7,96.5,18.4,3,0.3,0.7139,0.1455,0.0211,0.0017,0,1778.8,103,14.9,1.4,0,0.2448,0.4955,0.4473,0.3113,0.1454,0.0734,0.0331,0.0181,0.0072,0.0033,0.0031,1943.2,462.4,256.7,139.3,57,26.7,12.5,6.7,2.8,1.4,1.3,2910.1,0,0,0,0,0,97,35,7,1,0,83,35,11,2,,,C 
Centre,R,,2nd.half,game,R,2.525,R,277.6413,R,13,423.6379,1,0,0,159.4656,R,16.8816,91.6282,6.3448,34.6208,0,0.2613,1.4061,0.6998,0.1427,0.015,1213.2,1344.4,309.2,40,3.3,38,1,0,0,0,0,3,7,2,1,1.0622,0.1645,0.0462,0.0154,0.0032,1121.4,120.1,29.6,8.5,1.8,1.0324,0.1691,0.0287,0.0025,0.0009,1470.3,131.9,23.5,2.2,0.8,0.5283,0.7088,0.6163,0.3463,0.162,0.0772,0.0331,0.0255,0.0134,0.007,0.007,1577.5,695.1,356.1,159.4,64.6,27.9,11.2,8.6,4.6,2.4,2.7,2910,0,0,0,0,0,106,51,10,3,0,90,41,28,5,,,R
Centre,G ,,2nd.half,game,G ,2.7653,G ,243.0089,G ,24,457.5559,0,0,0,183.6552,G ,16.464,100.3489,7.0738,39.6206,0,2.365,0.1504,0.1118,0.0843,0.0537,2782.6,55.3,35.4,23.7,13.1,61,0,0,0,0,0,10,9,2,3,1.1477,0.1954,0.0619,0.0138,0.0041,1278.5,140.9,34.3,7.2,2,1.0784,0.2104,0.0457,0.0069,0.0011,1244.5,161.9,33.6,6.1,1.1,0.561,0.9936,0.4914,0.2893,0.1739,0.1164,0.0596,0.0387,0.0195,0.0107,0.0113,1346.1,981,289,133.5,66.8,40.7,22.5,14.2,7.3,4.2,4.8,2910,0,0,0,0,0,112,64,21,4,0,103,50,24,8,,,G 
Centre,X,,2nd.half,game,X,0.0598,X,0,X,0,10.5081,0,0,0,32.1302,X,3.4399,2.1695,0.1275,0.0137,0,0.0568,0.003,0,0,0,2905.9,4.2,0,0,0,0,0,0,0,0,0,0,0,0,0,0.0306,0.0015,0.0001,0,0,890,3.5,0.1,0,0,0.0269,0.0006,0,0,0,2014.1,2.4,0,0,0,0.0587,0.0011,0,0,0,0,0,0,0,0,0,2908.7,1.4,0,0,0,0,0,0,0,0,0,2910,0,0,0,0,0,0,0,0,0,0,0,1,0,0,,,X
Centre,U,,2nd.half,game,U,1.7307,U,73.168,U,15,280.452,0,0,0,120.1356,U,14.3464,62.8049,4.5563,25.4905,0,1.4399,0.1731,0.0762,0.0347,0.0068,2810.5,63.7,24.4,9.8,1.7,33,0,0,0,0,0,11,3,0,1,0.6469,0.1307,0.0482,0.0202,0.0074,885.7,88.8,28.3,10.3,3.8,0.694,0.1472,0.0257,0.009,0.0013,1759.2,107.3,18.6,7,1.1,0.3027,0.5095,0.3405,0.2871,0.1569,0.0642,0.027,0.0139,0.0137,0.0059,0.0092,1968.3,499.4,197.5,126.1,63.4,25.8,11.5,5.5,5.4,2.7,4.5,2910,0,0,0,0,0,88,30,22,5,0,46,41,24,17,,,U
Centre,P,,2nd.half,game,P,2.4836,P,93.823,P,14,438.1286,0,0,0,157.5187,P,14.7937,90.1283,6.176,31.2955,0,2.2417,0.1271,0.0616,0.029,0.0243,2829.4,46.8,19.6,8.1,6.1,33,0,0,0,0,0,10,2,2,0,1.0915,0.1326,0.0403,0.0179,0.006,1275.6,105,23.5,8.4,2.7,1.0158,0.1423,0.03,0.0058,0.0015,1352.9,109.8,25.3,5.4,1.4,0.6944,0.7569,0.5102,0.2671,0.114,0.0716,0.0305,0.0165,0.0104,0.0065,0.0056,1631.4,757.3,294,123.9,48.5,26.8,11.9,6.3,4.3,2.7,2.9,2910,0,0,0,0,0,89,47,17,8,0,85,33,27,9,,,P
Centre,H ,,2nd.half,game,H ,0.1335,H ,0,H ,0,19.6204,0,0,0,49.7061,H ,9.7581,4.8438,0.3083,0.7079,0,0.1287,0.0047,0,0,0,2908.3,1.8,0,0,0,3,0,0,0,0,0,0,0,0,0,0.0591,0.0074,0.0029,0,0,1256.7,7,1.9,0,0,0.0553,0.0088,0,0,0,1635.2,9.3,0,0,0,0.0905,0.0144,0.0098,0.0136,0.0026,0.0018,0.0005,0.0003,0,0,0,2880,15.8,5.7,6.3,1.2,0.8,0.2,0.1,0,0,0,2910,0,0,0,0,0,4,1,0,0,0,1,2,0,0,,,H 
Centre,F ,,2nd.half,game,F ,1.8339,F ,2.4497,F ,3,334.6433,0,0,0,118.5142,F ,12.1591,66.5492,4.3942,17.9278,0,1.7775,0.04,0.0149,0.0014,0,2890.1,14.7,4.8,0.4,0,14,0,0,0,0,0,3,0,0,0,0.8539,0.0949,0.0171,0.0078,0.0017,1364,89,13.5,5.1,1,0.7447,0.0976,0.0146,0.0015,0.0001,1313,106.9,15.6,1.8,0.1,0.7967,0.5618,0.287,0.1209,0.0371,0.0147,0.0091,0.0035,0.0014,0.0005,0.0011,2062.9,580.7,173.5,61.3,17.8,7,3.7,1.6,0.7,0.2,0.6,2910,0,0,0,0,0,75,35,6,1,0,64,26,12,5,,,F 