Session Title,Player Name,Minutes Played,Split Name,Player Name,Distance (miles),Player Name,Sprint Distance (yards),Player Name,Power Plays,Energy (kcal),Impacts,Hr Load,Time In Red Zone (min),Player Load,Player Name,Top Speed (mph),Distance Per Min (yd/min),Power Score (w/kg),Work Ratio,Hr Max (bpm),Max Deceleration (m/s/s),Max Acceleration (m/s/s),Distance in Speed Zone 1 (miles),Distance in Speed Zone 2 (miles),Distance in Speed Zone 3 (miles),Distance in Speed Zone 4 (miles),Distance in Speed Zone 5 (miles),Time in Speed Zone 1 (secs),Time in Speed Zone 2 (secs),Time in Speed Zone 3 (secs),Time in Speed Zone 4 (secs),Time in Speed Zone 5 (secs),Impact Zones: 3 - 5 G (Impacts),Impact Zones: 5 - 10 G (Impacts),Impact Zones: 10 - 15 G (Impacts),Impact Zones: 15 - 20 G (Impacts),Impact Zones: > 20 G (Impacts),Power Play Duration Zones: 0 - 2.5 s (Power Plays),Power Play Duration Zones: 2.5 - 5 s (Power Plays),Power Play Duration Zones: 5 - 7.5 s (Power Plays),Power Play Duration Zones: 7.5 - 10 s (Power Plays),Power Play Duration Zones: > 10 s (Power Plays),Distance in Deceleration Zones: 0 - 1 m/s/s (miles),Distance in Deceleration Zones: 1 - 2 m/s/s (miles),Distance in Deceleration Zones: 2 - 3 m/s/s (miles),Distance in Deceleration Zones: 3 - 4 m/s/s (miles),Distance in Deceleration Zones: > 4 m/s/s (miles),Time in Deceleration Zones: 0 - 1 m/s/s (secs),Time in Deceleration Zones: 1 - 2 m/s/s (secs),Time in Deceleration Zones: 2 - 3 m/s/s (secs),Time in Deceleration Zones: 3 - 4 m/s/s (secs),Time in Deceleration Zones: > 4 m/s/s (secs),Distance in Acceleration Zones: 0 - 1 m/s/s (miles),Distance in Acceleration Zones: 1 - 2 m/s/s (miles),Distance in Acceleration Zones: 2 - 3 m/s/s (miles),Distance in Acceleration Zones: 3 - 4 m/s/s (miles),Distance in Acceleration Zones: > 4 m/s/s (miles),Time in Acceleration Zones: 0 - 1 m/s/s (secs),Time in Acceleration Zones: 1 - 2 m/s/s (secs),Time in Acceleration Zones: 2 - 3 m/s/s (secs),Time in Acceleration Zones: 3 - 4 m/s/s (secs),Time in Acceleration Zones: > 4 m/s/s (secs),Distance in Power Zone: 0 - 5 w/kg (miles),Distance in Power Zone: 5 - 10 w/kg (miles),Distance in Power Zone: 10 - 15 w/kg (miles),Distance in Power Zone: 15 - 20 w/kg (miles),Distance in Power Zone: 20 - 25 w/kg (miles),Distance in Power Zone: 25 - 30 w/kg (miles),Distance in Power Zone: 30 - 35 w/kg (miles),Distance in Power Zone: 35 - 40 w/kg (miles),Distance in Power Zone: 40 - 45 w/kg (miles),Distance in Power Zone: 45 - 50 w/kg (miles),Distance in Power Zone: > 50 w/kg (miles),Time in Power Zone: 0 - 5 w/kg (secs),Time in Power Zone: 5 - 10 w/kg (secs),Time in Power Zone: 10 - 15 w/kg (secs),Time in Power Zone: 15 - 20 w/kg (secs),Time in Power Zone: 20 - 25 w/kg (secs),Time in Power Zone: 25 - 30 w/kg (secs),Time in Power Zone: 30 - 35 w/kg (secs),Time in Power Zone: 35 - 40 w/kg (secs),Time in Power Zone: 40 - 45 w/kg (secs),Time in Power Zone: 45 - 50 w/kg (secs),Time in Power Zone: > 50 w/kg (secs),Time in HR Load Zone 0% - 60% Max HR(secs),Time in HR Load Zone 60% - 75% Max HR (secs),Time in HR Load Zone 75% - 85% Max HR (secs),Time in HR Load Zone 85% - 96% Max HR (secs),Time in HR Load Zone 96% - 100% Max HR (secs),Accelerations Zone Count: 0 - 1 m/s/s,Accelerations Zone Count: 1 - 2 m/s/s,Accelerations Zone Count: 2 - 3 m/s/s,Accelerations Zone Count: 3 - 4 m/s/s,Accelerations Zone Count: > 4 m/s/s,Deceleration Zone Count: 0 - 1 m/s/s,Deceleration Zone Count: 1 - 2 m/s/s,Deceleration Zone Count: 2 - 3 m/s/s,Deceleration Zone Count: 3 - 4 m/s/s,Deceleration Zone Count: > 4 m/s/s,,,Player Name
DePauw,H,45,game,H,3.5648,H,266.3957,H,29,578.268,0,0,0,279.9434,H,16,63.5997,4.4677,24.4074,0,6,4.7371,3.0791,0.2088,0.1255,0.0868,0.0645,5761.7,76.9,39.9,24.2,16,45,0,0,0,0,0,14,8,6,1,1.5143,0.2493,0.0639,0.0189,0.0045,2665.3,188,37.6,10.8,2.1,1.3924,0.2672,0.0451,0.0078,0.0013,2745.4,218.8,40.9,8.5,1.3,0.7489,0.9003,0.9239,0.478,0.2353,0.1322,0.0726,0.0392,0.02,0.0075,0.007,4114.6,859.4,526.8,221.8,94.8,47.8,26.2,14.3,6.6,3.3,3.1,0,0,0,0,0,0,151,78,24,8,0,142,67,31,11,42,42,H
DePauw,A,25,game,A,1.9711,A,140.4491,A,11,353.0681,0,0,0,193.1115,A,14.9,35.1666,2.4469,13.2508,0,5.0445,4.9423,0.3113,0.9918,0.5881,0.0798,0,4743.3,891.9,260.8,22.9,0,26,0,0,0,0,0,4,6,1,0,0.8354,0.1479,0.0285,0.0077,0.0023,2666.9,107.2,17.4,4.3,1,0.7844,0.1367,0.0228,0.0047,0.0007,2988,110.4,18.6,4.3,0.8,0.4608,0.4596,0.5468,0.2761,0.1178,0.0551,0.0242,0.015,0.0063,0.0042,0.0052,4947.7,438.8,311.6,128.8,48.6,21.1,9.5,6.2,2.6,1.5,2.5,0,0,0,0,0,0,93,38,14,4,0,96,38,12,5,17,17,A
DePauw,C ,74,game,C ,5.8426,C ,86.2311,C ,37,1049.3601,0,0,0,504.7589,C ,14,104.2376,7.4929,46.7756,0,5.4267,5.2578,5.112,0.4697,0.212,0.0431,0.0059,5664.2,173.1,67.9,12.2,1.5,449,0,0,0,0,0,26,7,4,0,2.3715,0.507,0.114,0.0277,0.0057,2322.4,350.9,73.3,15.9,3,2.212,0.4921,0.0925,0.0175,0.0025,2689.5,374.7,72.4,14.6,2.2,0.6609,1.6189,1.7931,1.0112,0.4237,0.1586,0.0771,0.0469,0.0231,0.0099,0.0193,2626,1477.3,1029.6,461.8,177,68.9,34,19.9,10.4,4.8,9.2,0,0,0,0,0,0,340,175,49,9,0,317,155,50,16,66,66,C 
DePauw,O,6,game,O,0.5875,O,21.2948,O,5,83.3835,0,0,0,83.2027,O,11.9,10.4811,0.7277,3.5361,0,5.0534,3.4223,0.1318,0.2084,0.2353,0.0121,0,5623.1,192.2,99.8,3.8,0,9,0,0,0,0,0,3,1,1,0,0.2565,0.0447,0.0076,0.0012,0.0009,1450,32.2,4.8,0.7,0.6,0.2236,0.0451,0.0068,0.0011,0,4385.6,39.1,5,0.9,0,0.1591,0.1064,0.129,0.114,0.0487,0.0166,0.0077,0.0036,0.0016,0.0003,0.0006,5659.9,105.5,71.3,48.5,19.7,7.5,3.8,1.6,0.7,0.1,0.3,0,0,0,0,0,0,19,13,4,0,0,23,11,1,2,3,3,O
DePauw,I,39,game,I,3.1713,I,231.4746,I,24,454.7133,0,0,0,240.9609,I,15.5,56.5787,3.9684,22.6613,0,5.5778,4.8815,2.6795,0.2213,0.139,0.0943,0.0373,5757.6,81.3,44.3,26.5,9.2,23,0,0,0,0,0,11,7,3,3,1.322,0.2361,0.0502,0.0175,0.0049,1521.2,158,29.3,10,2.6,1.2648,0.2351,0.0332,0.0068,0.0008,3978.3,183.7,29,6,0.8,0.6119,0.8254,0.8181,0.4229,0.2428,0.1405,0.0636,0.0273,0.0096,0.0045,0.0048,4301.2,761.8,476.1,192.5,95,50.5,23.1,10.3,3.8,2.1,2.5,0,0,0,0,0,0,157,65,19,4,0,143,55,21,10,31,31,I
DePauw,G,31,game,G,2.2771,G,139.8038,G,16,379.1927,0,0,0,203.8696,G,16,40.626,2.8823,14.5384,0,5.3963,3.8045,1.9565,0.1741,0.0671,0.0455,0.034,5812.1,64.1,21.5,12.8,8.3,25,0,0,0,0,0,5,10,1,0,0.9215,0.2002,0.0438,0.0115,0.0059,2495.9,154.9,26.7,5.8,3.3,0.8567,0.1911,0.0428,0.0036,0,3028.2,166,34.7,3.3,0,0.569,0.5921,0.4615,0.3159,0.1478,0.0936,0.0503,0.0248,0.0088,0.0065,0.0069,4785.3,589,264.3,144.6,63.4,35.3,19.2,9.4,3.3,2.4,2.6,0,0,0,0,0,0,88,68,17,0,0,108,52,12,11,23,23,G
DePauw,V,90,game,V,6.4939,V,157.9173,V,26,1169.1347,2,0,0,511.1789,V,14.1,115.8564,8.2236,49.5582,0,5.8186,5.1475,5.9068,0.362,0.1353,0.0707,0.019,5717.5,133.4,43.3,19.8,4.9,279,3,0,0,0,0,14,9,3,0,2.6278,0.5277,0.1262,0.0293,0.008,2457.3,387.2,81.4,16.5,4.2,2.5571,0.5029,0.0943,0.0176,0.003,2463.6,410.3,79.9,15.6,2.9,1.0264,1.9154,1.9208,0.9557,0.3631,0.1574,0.0735,0.0394,0.0199,0.0076,0.0146,2261.4,1803.2,1109.2,450.8,158.7,65.5,31.2,17.9,9.7,3.3,8,0,0,0,0,0,0,380,208,44,15,0,326,188,46,22,68,68,V
DePauw,S,90,game,S,6.2346,S,343.6134,S,53,1168.6646,1,0,0,429.6083,S,16.2,111.2308,7.9821,46.5382,0,6,5.1867,5.3326,0.4577,0.2491,0.1061,0.0892,5619.8,167.8,79.5,29.9,21.8,235,1,0,0,0,0,36,11,3,3,2.3908,0.4915,0.1613,0.0587,0.0077,2412.2,342.3,97.2,31.6,4.4,2.4964,0.5031,0.1008,0.0203,0.0041,2561.6,375,72.9,17.7,3.9,1.0143,1.8968,1.4708,0.9215,0.4309,0.2321,0.1149,0.057,0.0369,0.0239,0.0356,2444.8,1848.8,838.8,417.4,175.1,88.3,44.2,22.5,14.8,9.1,15,0,0,0,0,0,0,274,157,44,16,0,237,152,77,26,103,103,S
DePauw,P,59,game,P,4.0502,P,191.7109,P,31,735.8771,4,0,0,262.7868,P,15,72.2587,5.1001,28.6098,0,6,4.6926,3.4036,0.3921,0.1455,0.0658,0.0431,5698,144.7,46.7,18.4,10.8,75,4,0,0,0,0,21,6,3,1,1.7179,0.2714,0.0701,0.0298,0.0127,1739.8,194,40.2,15,5.2,1.5849,0.2896,0.0614,0.0109,0.0014,3653.7,211.1,47.6,10.1,1.9,0.7314,1.1666,0.901,0.6703,0.2708,0.1556,0.0729,0.0357,0.0207,0.0091,0.0161,3728.5,1148.5,514.3,294.9,110.7,60.5,28.3,13.3,8.3,4.2,7.1,0,0,0,0,0,0,154,84,31,9,0,154,73,30,20,50,50,P
DePauw,X,90,game,X,2.7302,X,20.4439,X,3,531.2142,0,0,0,199.2409,X,13.6,48.7096,3.1689,9.838,0,6,5,1.0706,1.4814,0.1666,0.0116,0,4194.7,1642.5,78.3,3.4,0,20,0,0,0,0,0,3,0,0,0,1.3088,0.1298,0.0205,0.006,0.004,2835.9,158.1,16.6,4.3,2.2,1.1262,0.1078,0.0205,0.0058,0.0008,2699,171.7,23.8,6.4,0.9,1.6421,0.6667,0.2855,0.08,0.0272,0.0094,0.0063,0.0029,0.0047,0.0016,0.0037,4997.1,670.1,178.2,44.3,14,4.9,3.4,1.8,2.3,0.9,1.9,0,0,0,0,0,0,106,29,22,2,0,107,28,16,5,21,21,X
DePauw,M,1,game,M,0.0893,M,7.734,M,1,13.3333,0,0,0,11.5033,M,12.6,1.5924,0.1065,0.2213,0,4.7371,0,0.0355,0.0348,0.0145,0.0044,0,5869.3,42.4,5.7,1.3,0,2,0,0,0,0,0,1,0,0,0,0.0346,0.0019,0.002,0.0019,0.0006,248.1,1.1,1.2,0.8,0.2,0.0414,0.0058,0.001,0,0,5663.2,3.3,0.8,0,0,0.0594,0.0042,0.0068,0.0041,0.0062,0.0044,0.0018,0.0016,0.0007,0,0,5903.1,4.1,4.2,1.6,2.6,1.5,0.7,0.6,0.3,0,0,0,0,0,0,0,0,2,2,0,0,0,0,0,1,1,2,2,M
DePauw,B ,12,game,B ,1.2661,B ,155.2861,B ,13,222.2616,0,0,0,102.6755,B ,13.6,22.5889,1.587,8.9968,0,5.4445,3.9334,0.1511,0.5634,0.4635,0.0882,0,5188.8,504.4,199.2,26.4,0,31,0,0,0,0,0,9,3,0,1,0.5017,0.098,0.0259,0.0048,0.003,924.8,77.7,16.5,2.9,1.5,0.5337,0.0774,0.0191,0.0026,0.0001,4797.9,77.4,17.2,2.6,0.3,0.2104,0.3133,0.2998,0.2345,0.1236,0.0491,0.0174,0.0081,0.0039,0.0038,0.0022,5266.6,299.8,170.2,103.2,45.9,18.1,6.7,3.7,1.7,1.9,1,0,0,0,0,0,0,44,26,8,0,0,39,27,9,4,13,13,B 
DePauw,R,81,game,R,5.6413,R,373.1441,R,37,946.5642,0,0,0,354.4679,R,15.7,100.6464,6.9703,40.3146,0,6,4.3963,0.5794,2.9906,1.8593,0.208,0.0041,2279.2,2760,819.3,59.3,0.9,83,0,0,0,0,0,22,8,5,2,2.4166,0.3644,0.0912,0.0273,0.0077,2468.8,274.1,57.8,16.8,4.1,2.2758,0.3954,0.0553,0.0074,0.0002,2715.8,327,47.3,6.8,0.2,1.0276,1.5577,1.5293,0.9155,0.3284,0.1434,0.0705,0.0285,0.0216,0.0112,0.0077,2886.6,1504.7,868.3,418,133,55.5,26.6,10.7,7.9,4.3,3.1,0,0,0,0,0,0,250,115,25,2,0,211,112,45,17,62,62,R
DePauw,Z,8,game,Z,1.0987,Z,59.1348,Z,8,176.4043,1,0,0,126.1047,Z,13.9,19.6024,1.3629,6.4319,0,5.1112,3.8178,0.9338,0.0917,0.0396,0.0263,0.0073,5863,33.9,12.7,7.4,1.9,30,1,0,0,0,0,4,3,1,0,0.4655,0.0857,0.0216,0.005,0.0014,1892.6,68.9,13.1,3.4,0.9,0.4196,0.0827,0.0153,0.002,0,3844.7,79.1,14.2,2,0,0.3479,0.1928,0.2291,0.1719,0.0845,0.0422,0.0171,0.0081,0.0035,0.0015,0.0003,5471.7,177.6,131.1,75.5,34.9,15.6,6.8,3.5,1.4,0.7,0.1,0,0,0,0,0,0,49,26,10,0,0,44,21,12,3,15,15,Z
DePauw,L ,90,game,L ,5.9906,L ,201.9756,L ,39,1033.1624,0,0,0,423.9804,L ,14.3,106.8775,7.6078,43.5021,0,5.9075,5.0037,5.333,0.3513,0.1916,0.1,0.0147,5696.4,129.6,61,28,3.8,115,0,0,0,0,0,23,9,5,2,2.4589,0.5019,0.1142,0.0393,0.0086,2550.1,369.2,70.2,21.2,4.3,2.2718,0.4748,0.1028,0.0162,0.0021,2408.4,390.3,88.2,14.9,2,1.132,1.7586,1.5274,0.8362,0.3858,0.1737,0.0801,0.0426,0.0237,0.0138,0.0168,2639.9,1690.3,887.5,393.1,159.8,72.8,33.6,18.2,10.2,5.7,7.7,0,0,0,0,0,0,304,186,52,12,0,321,148,51,22,73,73,L 
DePauw,Q,51,game,Q,4.1542,Q,69.4202,Q,25,885.3768,1,0,0,322.0192,Q,13.9,74.1276,5.2165,29.9316,0,6,4.6978,3.6036,0.3734,0.1378,0.0355,0.0039,5725.4,138,44,10.1,1,109,1,0,0,0,0,16,6,1,2,1.6996,0.2989,0.0802,0.0257,0.0082,2242.8,211.9,49.9,14.9,4.4,1.6558,0.327,0.052,0.0064,0.0004,3087.9,256.9,43.4,5.9,0.5,0.7128,1.0736,1.0728,0.7804,0.3134,0.1223,0.0413,0.0201,0.0078,0.0056,0.004,3700.3,1035.7,612.4,353.4,130.2,51.5,18.3,8.8,3.6,2.4,1.9,0,0,0,0,0,0,195,115,18,3,0,197,80,38,19,57,57,Q
DePauw,J,33,game,J,2.5091,J,85.8779,J,16,492.1348,1,0,0,199.9175,J,15.5,44.7649,3.1771,20.5241,0,4.4889,4.5899,2.2199,0.1668,0.0737,0.0315,0.0173,5821.1,61.1,23.5,8.9,4.3,44,1,0,0,0,0,8,7,1,0,0.9988,0.2254,0.0531,0.0117,0.0013,1660.4,164.3,33.5,7,0.6,0.9729,0.1954,0.0424,0.0076,0.0005,3848.8,162.2,34.4,7.2,0.5,0.3827,0.9457,0.5495,0.3164,0.15,0.0842,0.0341,0.0214,0.0101,0.0062,0.0089,4424.9,895.1,321.3,145.6,64,34.3,14,9,4.2,2.6,3.9,0,0,0,0,0,0,127,66,25,5,0,111,70,25,5,30,30,J
DePauw,K ,90,game,K ,5.6386,K ,240.9398,K ,33,1026.0772,0,0,0,399.3584,K ,16.3,100.5981,7.1112,38.376,0,5.9556,5.0505,5.0304,0.325,0.1463,0.065,0.0719,5716.2,120.1,46.7,18.2,17.6,55,0,0,0,0,0,22,8,2,1,2.3939,0.4038,0.0944,0.0329,0.0124,2671.9,282.2,55.2,15.6,6.1,2.1527,0.4366,0.0944,0.0156,0.002,2480.9,326.9,65.7,12.7,1.6,1.2543,1.6201,1.3487,0.7261,0.3082,0.1585,0.0851,0.0518,0.0371,0.0195,0.0293,2951.5,1570.8,779.5,334.7,131.2,63.2,34.3,20.3,14.1,7.1,12.1,0,0,0,0,0,0,268,139,35,10,0,290,105,36,22,58,58,K 
DePauw,E,8,game,E,0.7361,E,26.9094,E,3,147.3181,0,0,0,62.4814,E,12.8,13.133,0.9382,5.4673,0,4.101,3.7823,0.1111,0.3908,0.2189,0.0153,0,5472.9,343.4,98,4.5,0,26,0,0,0,0,0,1,2,0,0,0.2925,0.0785,0.0111,0.0036,0.0001,500.4,62.1,7.9,2.4,0.1,0.2676,0.069,0.0107,0.0029,0.0001,5271.4,62.1,9.5,2.8,0.1,0.1509,0.2075,0.2032,0.099,0.0438,0.0144,0.0098,0.0033,0.0019,0.0005,0.0019,5525.5,193.9,117.2,48,19.4,6.7,4.5,1.4,1,0.3,0.9,0,0,0,0,0,0,44,22,11,0,0,49,19,7,1,8,8,E
DePauw,N,11,game,N,0.9233,N,60.9928,N,10,189.5809,0,0,0,72.1642,N,13.7,57.3889,4.0942,23.0538,0,3.6267,3.6889,0.7642,0.0741,0.0504,0.0315,0.0031,1646.5,27.3,16,8.9,0.8,22,0,0,0,0,0,5,4,1,0,0.3847,0.0884,0.0124,0.0021,0,459.6,59,7.7,1.3,0,0.3385,0.0818,0.0141,0.0013,0,1098.8,60.8,11.2,1.1,0,0.1641,0.2507,0.2089,0.1386,0.09,0.0324,0.0162,0.0088,0.0061,0.004,0.0035,1217.5,236.2,120.8,63,34.3,13.1,6.2,3.4,2.3,1.4,1.3,0,0,0,0,0,0,45,30,4,0,0,52,20,5,0,5,5,N
DePauw,H,934,1st.half,H,1.332,H,93.6032,H,9,216.194,0,0,0,118.0603,H,16.0067,48.1211,3.3818,19.2283,0,5.426,4.5374,1.1559,0.0725,0.0504,0.0214,0.0318,2867,26.6,16,6,7.7,20,0,0,0,0,0,3,2,3,1,0.555,0.1008,0.0256,0.0055,0.0012,1315.4,75.4,15.4,3.3,0.6,0.5176,0.1075,0.0155,0.0029,0.0003,1407.4,88.3,14.4,2.8,0.3,0.2724,0.3606,0.3538,0.1612,0.0831,0.0401,0.028,0.0162,0.0104,0.0038,0.0022,2235.9,336.2,205.7,75.9,33.6,14.7,9.9,5.7,3,1.8,0.9,0,0,0,0,0,0,66,26,9,3,0,59,31,10,4,,,H
DePauw,A,,1st.half,A,1.3406,A,82.5927,A,7,239.3856,0,0,0,115.0662,A,14.8932,48.4319,3.3589,19.0867,0,4.4667,4.396,0.1727,0.68,0.4409,0.0469,0,2108.9,605.5,195.6,13.5,0,17,0,0,0,0,0,2,4,1,0,0.5811,0.1021,0.0173,0.0034,0.0005,1326.5,74,10.4,1.9,0.2,0.5283,0.0894,0.0149,0.0031,0.0004,1421,74,12,3.1,0.4,0.268,0.3214,0.3947,0.2057,0.0833,0.0353,0.0144,0.0096,0.0033,0.0012,0.0037,2238.7,305.5,222.9,94.8,34.3,13.9,5.7,3.9,1.5,0.6,1.7,0,0,0,0,0,0,67,24,12,2,0,71,28,7,1,,,A
DePauw,C ,,1st.half,C ,2.3407,C ,48.5519,C ,16,426.8671,0,0,0,213.0342,C ,13.9586,84.5629,6.171,38.0845,0,5.4267,5.2578,2.0222,0.1937,0.0972,0.024,0.0035,2813.4,71.3,31.1,6.8,0.9,184,0,0,0,0,0,11,3,2,0,0.9323,0.222,0.05,0.013,0.0019,1057.3,154.1,32.7,7.4,1.1,0.8555,0.2134,0.0427,0.0081,0.0017,1469.6,159.6,33.4,6.7,1.6,0.2612,0.622,0.7092,0.4103,0.1782,0.0717,0.0372,0.0241,0.0117,0.0046,0.0106,1622.4,560.7,409,187.9,74.3,30.6,16.2,10.1,5.1,2.2,5,0,0,0,0,0,0,137,81,22,5,0,131,68,27,5,,,C 
DePauw,O,,1st.half,O,0.0704,O,0,O,0,8.126,0,0,0,36.6528,O,2.4109,2.5434,0.1436,0,0,0,0,0.0702,0.0002,0,0,0,2923.3,0.2,0,0,0,0,0,0,0,0,0,0,0,0,0,0.0387,0.0002,0,0,0,1062.2,0.4,0,0,0,0.0315,0,0,0,0,1860.2,0.7,0,0,0,0.0704,0,0,0,0,0,0,0,0,0,0,2923.5,0,0,0,0,0,0,0,0,0,0,0,0,0,0,0,0,0,0,0,0,0,0,0,0,0,,,O
DePauw,I,,1st.half,I,1.7728,I,140.4687,I,14,254.5011,0,0,0,133.8651,I,15.5195,64.0468,4.4968,26.1023,0,5.398,4.8815,1.4541,0.1467,0.0922,0.0453,0.0345,2819,53.9,29.4,12.7,8.5,10,0,0,0,0,0,6,3,2,3,0.7421,0.1248,0.0258,0.0111,0.0034,810,82.8,15.9,6.2,1.8,0.7168,0.1246,0.0198,0.004,0.0005,1885.4,100.2,17.2,3.5,0.5,0.3115,0.483,0.4358,0.2437,0.1486,0.0847,0.0385,0.0154,0.0058,0.0027,0.0031,2003.3,443,257.5,108.5,57.5,29.2,13.7,5.5,2.4,1.3,1.6,0,0,0,0,0,0,88,36,11,2,0,82,26,11,7,,,I
DePauw,G,,1st.half,G,1.3119,G,106.8512,G,10,219.018,0,0,0,112.4363,G,16.0166,47.3948,3.3706,17.0213,0,5.3963,3.8045,1.113,0.1028,0.0353,0.0275,0.0332,2858.3,38,11.3,7.7,8.1,20,0,0,0,0,0,3,7,0,0,0.5299,0.1085,0.0238,0.009,0.004,1222.8,83.2,14.2,4,2.2,0.4997,0.1093,0.0261,0.0015,0,1483.6,91.8,20.1,1.5,0,0.3081,0.3386,0.275,0.1834,0.0828,0.0604,0.0309,0.0171,0.0064,0.0047,0.0047,2264.8,336.2,157.5,84.1,36.3,21.6,11.2,6.3,2.2,1.6,1.6,0,0,0,0,0,0,47,41,9,0,0,65,29,6,8,,,G
DePauw,V,,1st.half,V,3.3635,V,128.6927,V,18,612.0405,2,0,0,262.7425,V,14.0779,121.5159,8.7159,52.2798,0,5.8186,5.1475,3.0063,0.1942,0.09,0.0584,0.0147,2803.1,71.6,28.7,16.3,3.8,138,3,0,0,0,0,8,7,3,0,1.3224,0.2884,0.0718,0.018,0.0043,1179.5,207.5,44.9,9.7,2.2,1.3169,0.2763,0.0535,0.011,0.0011,1210,214,45.4,9.2,1.1,0.4845,0.9317,1.0031,0.5221,0.22,0.1045,0.0499,0.026,0.0099,0.0049,0.0071,1047.3,875.8,574.3,246.5,95.2,41.9,20.6,11.3,4.8,2.1,3.7,0,0,0,0,0,0,181,117,32,4,0,162,107,27,12,,,V
DePauw,S,,1st.half,S,3.1432,S,198.2748,S,27,593.525,0,0,0,216.111,S,16.1956,113.5539,8.2072,47.987,0,5.5956,5.0578,2.6708,0.2349,0.1248,0.0613,0.0514,2767.8,86,39.9,17.3,12.5,116,0,0,0,0,0,17,6,2,2,1.1797,0.2645,0.0908,0.0273,0.0038,1171.9,181.2,54.3,15.1,2.2,1.2375,0.2729,0.0547,0.0106,0.0013,1248.7,201.1,38.6,9.2,1.2,0.4954,0.9563,0.7367,0.469,0.2209,0.1152,0.0615,0.0304,0.0198,0.0152,0.0228,1169.5,926.8,422.8,213.3,89.5,44.4,23.6,11.8,7.1,5.6,9.1,0,0,0,0,0,0,142,88,25,5,0,131,77,45,12,,,S
DePauw,P,,1st.half,P,1.8605,P,84.3972,P,16,341.701,2,0,0,124.1151,P,14.5651,67.2134,4.7947,26.7805,0,6,4.6926,1.5711,0.1649,0.0765,0.0384,0.0095,2825,60.8,24.4,10.8,2.4,37,2,0,0,0,0,11,3,1,1,0.7609,0.136,0.0373,0.0145,0.007,764.6,98.9,21.1,7.7,3.1,0.7236,0.1451,0.0294,0.0063,0.0003,1891.7,107,23.3,5.4,0.6,0.3224,0.5413,0.4223,0.2944,0.141,0.064,0.0327,0.0189,0.0102,0.0056,0.0075,1901.8,534.2,243,132.3,56.3,25.9,12.9,7.1,4,2.6,3.3,0,0,0,0,0,0,75,43,20,2,0,74,39,14,11,,,P
DePauw,X,,1st.half,X,1.3368,X,12.3851,X,2,258.5712,0,0,0,94.3776,X,13.6007,48.2953,3.1229,8.8969,0,6,5,0.5356,0.713,0.0812,0.007,0,2076.5,807.3,37.7,2,0,7,0,0,0,0,0,2,0,0,0,0.6475,0.0592,0.007,0.0027,0.0024,1416,70.8,5.7,1.9,1.3,0.5559,0.0504,0.0086,0.0025,0.0005,1337.7,77.3,9.5,2.8,0.5,0.8372,0.3014,0.1272,0.0406,0.0156,0.0049,0.0027,0.0017,0.0025,0.0005,0.0025,2500.8,306.4,79,22,8,2.5,1.4,0.8,1.1,0.3,1.2,0,0,0,0,0,0,47,11,8,2,0,50,11,5,3,,,X
DePauw,M,,1st.half,M,0.0886,M,7.734,M,1,13.2489,0,0,0,11.3486,M,12.6065,3.2004,0.2143,0.4481,0,4.7371,0,0.0348,0.0348,0.0145,0.0044,0,2874.1,42.4,5.7,1.3,0,2,0,0,0,0,0,1,0,0,0,0.0342,0.0019,0.002,0.0019,0.0006,241.9,1.1,1.2,0.8,0.2,0.0412,0.0058,0.001,0,0,2674.2,3.3,0.8,0,0,0.0587,0.0042,0.0068,0.0041,0.0062,0.0044,0.0018,0.0016,0.0007,0,0,2907.9,4.1,4.2,1.6,2.6,1.5,0.7,0.6,0.3,0,0,0,0,0,0,0,0,2,2,0,0,0,0,0,1,1,,,M
DePauw,B ,,1st.half,B ,0.6363,B ,29.0375,B ,7,112.673,0,0,0,57.6365,B ,12.6662,22.9878,1.6289,8.9379,0,5.4445,3.9334,0.0935,0.2963,0.23,0.0165,0,2552,268.1,98.4,5,0,14,0,0,0,0,0,6,1,0,0,0.2564,0.0514,0.0144,0.0031,0.0028,626.2,44.3,9,2,1.4,0.2477,0.0467,0.0128,0.0009,0,2179.8,48.3,11.6,0.9,0,0.1268,0.1655,0.1424,0.1231,0.0427,0.0173,0.0097,0.0033,0.0019,0.0025,0.0011,2595.4,158.3,82.2,54.4,17.8,7.4,3.9,1.6,0.9,1.1,0.5,0,0,0,0,0,0,23,18,3,0,0,24,12,7,3,,,B 
DePauw,R,,1st.half,R,3.1247,R,217.6787,R,25,524.4776,0,0,0,191.5807,R,15.7333,112.8883,7.8193,45.7584,0,5.5149,4.3963,0.2807,1.7267,0.9936,0.1201,0.0036,854.2,1598.7,434.9,34.8,0.8,36,0,0,0,0,0,15,6,3,1,1.3466,0.1991,0.0513,0.0136,0.0045,1284.6,144.8,31.6,8.1,2.4,1.2548,0.2197,0.0309,0.0043,0.0001,1247.9,174.4,25.3,4.2,0.1,0.5422,0.9194,0.8223,0.4833,0.1938,0.0793,0.0423,0.0177,0.0134,0.0067,0.0044,1208,886.8,468,220.2,76.5,32.1,15.9,6.7,5,2.4,1.8,0,0,0,0,0,0,139,67,14,1,0,118,61,23,9,,,R
DePauw,Z,,1st.half,Z,0.1324,Z,0,Z,0,18.0315,0,0,0,33.2441,Z,3.8227,4.7842,0.282,0.0205,0,0,0,0.1324,0,0,0,0,2923.5,0,0,0,0,4,0,0,0,0,0,0,0,0,0,0.072,0.0026,0,0,0,905.3,5.8,0,0,0,0.0565,0.0013,0.0001,0,0,2005.7,6.5,0.2,0,0,0.13,0.0023,0,0,0.0001,0,0,0,0,0,0,2920.6,2.8,0,0,0.1,0,0,0,0,0,0,0,0,0,0,0,0,0,0,0,0,0,1,0,0,0,,,Z
DePauw,L ,,1st.half,L ,3.1849,L ,128.439,L ,26,550.8143,0,0,0,219.8624,L ,14.3265,115.0621,8.2117,47.5184,0,5.6534,5.0037,2.757,0.2251,0.1299,0.0613,0.0117,2779.3,82.7,41.4,17.1,3,47,0,0,0,0,0,14,7,3,2,1.2761,0.2683,0.0669,0.0216,0.003,1234.4,191.3,39.7,11.5,1.5,1.2295,0.2578,0.053,0.0072,0.0015,1184.2,207.4,45.3,6.9,1.3,0.5354,0.9252,0.7908,0.4828,0.2389,0.1065,0.0527,0.0225,0.0128,0.0082,0.0092,1168.7,889.4,460.1,223.6,95.5,42.6,21.2,9.5,5.2,3.4,4.3,0,0,0,0,0,0,158,95,26,7,0,170,84,27,10,,,L 
DePauw,Q,,1st.half,Q,3.4472,Q,47.7962,Q,21,737.653,1,0,0,250.1712,Q,13.9288,124.5392,8.7983,52.5434,0,6,4.6667,3.0059,0.3015,0.1126,0.0244,0.0028,2768.2,111.5,35.9,7,0.7,90,1,0,0,0,0,14,6,0,1,1.4203,0.2459,0.0671,0.0202,0.0071,1234.5,172,41.4,11.7,3.7,1.3629,0.2729,0.0457,0.005,0.0002,1206.2,211.1,38,4.5,0.2,0.4754,0.9357,0.9474,0.6653,0.2644,0.0958,0.031,0.017,0.0064,0.0055,0.0032,1000.8,899.6,540.4,303,110.2,41.2,14.1,7.4,2.9,2.3,1.4,0,0,0,0,0,0,167,101,16,1,0,172,69,31,15,,,Q
DePauw,J,,1st.half,J,1.3751,J,63.4677,J,10,272.8946,1,0,0,104.3246,J,15.5295,49.6771,3.5668,23.2222,0,4.4889,4.063,1.2139,0.0868,0.0382,0.0195,0.0166,2869.8,31.9,12.2,5.5,4.1,28,1,0,0,0,0,6,4,0,0,0.5242,0.1301,0.0353,0.0072,0.0011,715.9,92.4,21.3,4,0.5,0.5345,0.1095,0.028,0.005,0.0001,1974.9,88.7,21.4,4.3,0.1,0.1942,0.5349,0.2967,0.1641,0.0807,0.0478,0.022,0.0137,0.0079,0.0055,0.0076,2090.7,505.6,175.3,75.5,34.2,19,8.7,5.8,3.3,2.2,3.2,0,0,0,0,0,0,71,39,14,2,0,57,43,12,4,,,J
DePauw,K ,,1st.half,K ,2.8639,K ,116.2245,K ,17,521.7031,0,0,0,199.8087,K ,16.295,103.4636,7.3202,39.2441,0,5.6741,4.6707,2.5307,0.1921,0.075,0.0333,0.0327,2811.2,71.2,23.9,9.3,7.9,28,0,0,0,0,0,12,3,1,1,1.2299,0.1943,0.0477,0.0178,0.0044,1339.5,133.4,28,8.5,1.9,1.0844,0.2301,0.0461,0.008,0.0012,1204.3,168.9,31.4,6.6,1,0.63,0.8115,0.6497,0.3987,0.1803,0.0783,0.0468,0.0275,0.0191,0.008,0.0139,1428,785.9,374.5,181.3,76.2,32.1,18.5,11,7.3,2.9,5.8,0,0,0,0,0,0,141,71,19,5,0,141,53,22,10,,,K 
DePauw,E,,1st.half,E,0.0265,E,0,E,0,4.4306,0,0,0,7.0927,E,2.5998,0.9592,0.0571,0,0,0,0,0.0252,0.0014,0,0,0,2921.5,1.9,0,0,0,0,0,0,0,0,0,0,0,0,0,0.0139,0.0017,0,0,0,186.4,4.6,0,0,0,0.0105,0.0005,0,0,0,2728.6,3.7,0.1,0,0,0.0263,0.0003,0,0,0,0,0,0,0,0,0,2923,0.4,0,0,0,0,0,0,0,0,0,0,0,0,0,0,0,0,0,0,0,0,0,0,0,0,,,E
DePauw,N,,1st.half,N,0,N,0,N,0,0,0,0,0,0.0057,N,1.5211,0,0,0,0,0,0,0,0,0,0,0,0,0,0,0,0,0,0,0,0,0,0,0,0,0,0,0,0,0,0,0,0,0,0,0,0,0,0,0,0,0,0,0,0,0,0,0,0,0,0,0,0,0,0,0,0,0,0,0,0,0,0,0,0,0,0,0,0,0,0,0,0,0,0,0,0,0,0,0,0,0,0,0,,,N
DePauw,H,,2nd.half,H,2.2328,H,172.7915,H,20,362.074,0,0,0,161.8831,H,14.5899,78.7274,5.5274,29.4618,0,6,4.7371,1.9232,0.1363,0.0751,0.0655,0.0327,2894.7,50.3,23.9,18.2,8.3,25,0,0,0,0,0,11,6,3,0,0.9593,0.1485,0.0383,0.0134,0.0033,1349.9,112.6,22.2,7.5,1.5,0.8748,0.1598,0.0296,0.0048,0.001,1338,130.5,26.5,5.7,1,0.4765,0.5397,0.5701,0.3168,0.1521,0.0921,0.0446,0.023,0.0096,0.0036,0.0047,1878.7,523.2,321.1,145.9,61.2,33.1,16.3,8.6,3.6,1.5,2.2,0,0,0,0,0,0,85,52,15,5,0,83,36,21,7,,,H
DePauw,A,,2nd.half,A,0.6305,A,57.8563,A,4,113.6826,0,0,0,78.0453,A,14.4358,22.232,1.5568,7.5549,0,5.0445,4.9423,0.1386,0.3118,0.1472,0.0329,0,2634.4,286.4,65.2,9.4,0,9,0,0,0,0,0,2,2,0,0,0.2544,0.0458,0.0112,0.0042,0.0019,1340.4,33.2,7,2.4,0.8,0.2561,0.0472,0.0078,0.0016,0.0003,1567,36.4,6.6,1.2,0.4,0.1929,0.1381,0.1521,0.0704,0.0345,0.0198,0.0098,0.0054,0.003,0.003,0.0016,2709,133.3,88.7,34,14.3,7.2,3.8,2.3,1.1,0.9,0.8,0,0,0,0,0,0,26,14,2,2,0,25,10,5,4,,,A
DePauw,C ,,2nd.half,C ,3.5019,C ,37.6792,C ,21,622.493,0,0,0,291.7247,C ,13.3323,123.4741,8.7831,55.2581,0,4.9704,4.3037,3.0898,0.276,0.1147,0.0191,0.0023,2850.8,101.8,36.8,5.4,0.6,258,0,0,0,0,0,15,4,2,0,1.4393,0.2849,0.064,0.0147,0.0038,1265.1,196.8,40.6,8.5,1.9,1.3565,0.2787,0.0498,0.0094,0.0008,1219.9,215.1,39,7.9,0.6,0.3997,0.9969,1.0839,0.6009,0.2456,0.0869,0.0399,0.0228,0.0114,0.0054,0.0087,1003.6,916.6,620.6,273.9,102.7,38.3,17.8,9.8,5.3,2.6,4.2,0,0,0,0,0,0,203,94,27,4,0,186,87,23,11,,,C 
DePauw,O,,2nd.half,O,0.5171,O,21.2948,O,5,75.2574,0,0,0,46.55,O,11.8807,18.2313,1.2978,6.9874,0,5.0534,3.4223,0.0615,0.2082,0.2353,0.0121,0,2699.8,192,99.8,3.8,0,9,0,0,0,0,0,3,1,1,0,0.2178,0.0445,0.0076,0.0012,0.0009,387.8,31.8,4.8,0.7,0.6,0.1921,0.0451,0.0068,0.0011,0,2525.4,38.4,5,0.9,0,0.0887,0.1064,0.129,0.114,0.0487,0.0166,0.0077,0.0036,0.0016,0.0003,0.0006,2736.4,105.5,71.3,48.5,19.7,7.5,3.8,1.6,0.7,0.1,0.3,0,0,0,0,0,0,19,13,4,0,0,23,11,1,2,,,O
DePauw,I,,2nd.half,I,1.3985,I,91.0058,I,10,200.2122,0,0,0,107.0958,I,13.6305,49.309,3.4527,19.3029,0,5.5778,4.1467,1.2255,0.0745,0.0468,0.049,0.0027,2938.6,27.4,14.9,13.8,0.7,11,0,0,0,0,0,5,4,1,0,0.5799,0.1113,0.0244,0.0064,0.0015,711.2,75.2,13.4,3.8,0.8,0.548,0.1106,0.0134,0.0028,0.0003,2092.9,83.5,11.8,2.5,0.3,0.3004,0.3424,0.3823,0.1792,0.0942,0.0559,0.025,0.0119,0.0038,0.0017,0.0017,2297.9,318.8,218.6,84,37.5,21.3,9.4,4.8,1.4,0.8,0.9,0,0,0,0,0,0,69,29,8,2,0,61,29,10,3,,,I
DePauw,G,,2nd.half,G,0.9652,G,32.9527,G,6,160.1747,0,0,0,91.4333,G,13.6703,34.0335,2.4058,12.1152,0,4.9536,3.4586,0.8435,0.0713,0.0317,0.018,0.0008,2953.8,26.1,10.2,5.1,0.2,5,0,0,0,0,0,2,3,1,0,0.3916,0.0917,0.02,0.0024,0.0019,1273.1,71.7,12.5,1.8,1.1,0.357,0.0818,0.0167,0.002,0,1544.6,74.2,14.6,1.8,0,0.2609,0.2535,0.1864,0.1326,0.065,0.0332,0.0195,0.0078,0.0024,0.0018,0.0022,2520.5,252.8,106.8,60.5,27.1,13.7,8,3.1,1.1,0.8,1,0,0,0,0,0,0,41,27,8,0,0,43,23,6,3,,,G
DePauw,V,,2nd.half,V,3.1303,V,29.2245,V,8,557.0942,0,0,0,248.4363,V,13.7697,110.3716,7.743,46.9019,0,5.6756,4.9378,2.9006,0.1678,0.0454,0.0123,0.0043,2914.4,61.8,14.6,3.5,1.1,140,0,0,0,0,0,6,2,0,0,1.3054,0.2392,0.0544,0.0113,0.0037,1277.8,179.7,36.5,6.8,2,1.2402,0.2267,0.0408,0.0066,0.002,1253.6,196.3,34.5,6.4,1.8,0.5419,0.9837,0.9177,0.4336,0.1431,0.0529,0.0237,0.0135,0.01,0.0028,0.0075,1214.1,927.4,534.9,204.3,63.5,23.6,10.6,6.6,4.9,1.2,4.3,0,0,0,0,0,0,199,91,12,11,0,164,81,19,10,,,V
DePauw,S,,2nd.half,S,3.0914,S,145.3386,S,26,575.1397,1,0,0,213.4973,S,16.0663,109.0007,7.7624,45.124,0,6,5.1867,2.6618,0.2228,0.1243,0.0448,0.0378,2852,81.8,39.6,12.6,9.3,118,1,0,0,0,0,19,5,1,1,1.211,0.227,0.0705,0.0314,0.0039,1240.3,161.1,42.9,16.5,2.2,1.2589,0.2303,0.0461,0.0097,0.0028,1312.9,173.9,34.3,8.5,2.7,0.5189,0.9404,0.7341,0.4525,0.2101,0.1169,0.0534,0.0266,0.0171,0.0087,0.0128,1275.3,922,416,204.1,85.6,43.9,20.6,10.7,7.7,3.5,5.9,0,0,0,0,0,0,132,69,19,11,0,106,75,32,14,,,S
DePauw,P,,2nd.half,P,2.1897,P,107.3138,P,15,394.1761,2,0,0,138.6717,P,15.0473,77.2068,5.3982,30.3953,0,5.0845,4.6037,1.8325,0.2272,0.069,0.0274,0.0336,2873,83.9,22.3,7.6,8.4,38,2,0,0,0,0,10,3,2,0,0.957,0.1354,0.0328,0.0153,0.0057,975.2,95.1,19.1,7.3,2.1,0.8613,0.1445,0.032,0.0046,0.0011,1762,104.1,24.3,4.7,1.3,0.409,0.6253,0.4788,0.3759,0.1298,0.0915,0.0402,0.0168,0.0105,0.0035,0.0086,1826.7,614.3,271.3,162.6,54.4,34.6,15.4,6.2,4.3,1.6,3.8,0,0,0,0,0,0,79,41,11,7,0,80,34,16,9,,,P
DePauw,X,,2nd.half,X,1.3934,X,8.0588,X,1,272.6431,0,0,0,104.8633,X,12.2237,49.1301,3.2138,10.7565,0,5.7738,3.9289,0.535,0.7684,0.0854,0.0046,0,2118.2,835.2,40.6,1.4,0,13,0,0,0,0,0,1,0,0,0,0.6612,0.0706,0.0135,0.0033,0.0016,1419.9,87.3,10.9,2.4,0.9,0.5703,0.0574,0.0119,0.0033,0.0003,1361.3,94.4,14.3,3.6,0.4,0.8049,0.3652,0.1584,0.0393,0.0116,0.0045,0.0037,0.0012,0.0022,0.0011,0.0013,2496.3,363.7,99.2,22.3,6,2.4,2,1,1.2,0.6,0.7,0,0,0,0,0,0,59,18,14,0,0,57,17,11,2,,,X
DePauw,M,,2nd.half,M,0.0007,M,0,M,0,0.0844,0,0,0,0.1548,M,0.5568,0.0235,0.0013,0,0,0,0,0.0007,0,0,0,0,2995.2,0,0,0,0,0,0,0,0,0,0,0,0,0,0,0.0004,0,0,0,0,6.2,0,0,0,0,0.0003,0,0,0,0,2989,0,0,0,0,0.0007,0,0,0,0,0,0,0,0,0,0,2995.2,0,0,0,0,0,0,0,0,0,0,0,0,0,0,0,0,0,0,0,0,0,0,0,0,0,,,M
DePauw,B ,,2nd.half,B ,0.6298,B ,126.2485,B ,6,109.5886,0,0,0,45.0389,B ,13.551,22.2072,1.5462,9.0542,0,4.0178,3.7293,0.0575,0.2671,0.2335,0.0717,0,2636.8,236.3,100.8,21.4,0,17,0,0,0,0,0,3,2,0,1,0.2452,0.0466,0.0114,0.0017,0.0002,298.6,33.4,7.5,0.9,0.1,0.286,0.0307,0.0063,0.0017,0.0001,2618.1,29.1,5.6,1.7,0.3,0.0836,0.1478,0.1574,0.1114,0.0809,0.0318,0.0077,0.0048,0.002,0.0014,0.0011,2671.2,141.5,88,48.8,28.1,10.7,2.8,2.1,0.8,0.8,0.5,0,0,0,0,0,0,21,8,5,0,0,15,15,2,1,,,B 
DePauw,R,,2nd.half,R,2.5166,R,155.4654,R,12,422.0866,0,0,0,162.8872,R,15.261,88.7324,6.1417,35.0015,0,6,4.1956,0.2987,1.2639,0.8656,0.0879,0.0004,1425,1161.3,384.4,24.5,0.1,45,0,0,0,0,0,7,2,2,1,1.0701,0.1653,0.04,0.0137,0.0033,1184.2,129.3,26.2,8.7,1.7,1.021,0.1757,0.0244,0.0031,0.0001,1467.9,152.6,22,2.6,0.1,0.4853,0.6382,0.7071,0.4321,0.1346,0.0641,0.0283,0.0108,0.0082,0.0045,0.0034,1678.6,617.9,400.3,197.8,56.5,23.4,10.7,4,2.9,1.9,1.3,0,0,0,0,0,0,111,48,11,1,0,93,51,22,8,,,R
DePauw,Z,,2nd.half,Z,0.9663,Z,59.1348,Z,8,158.3729,1,0,0,92.8606,Z,13.9139,34.0708,2.4177,12.6895,0,5.1112,3.8178,0.8014,0.0917,0.0396,0.0263,0.0073,2939.5,33.9,12.7,7.4,1.9,26,1,0,0,0,0,4,3,1,0,0.3935,0.0831,0.0216,0.005,0.0014,987.3,63.1,13.1,3.4,0.9,0.3631,0.0814,0.0151,0.002,0,1839,72.6,14,2,0,0.2178,0.1905,0.2291,0.1719,0.0844,0.0422,0.0171,0.0081,0.0035,0.0015,0.0003,2551.1,174.8,131.1,75.5,34.8,15.6,6.8,3.5,1.4,0.7,0.1,0,0,0,0,0,0,49,26,10,0,0,43,21,12,3,,,Z
DePauw,L ,,2nd.half,L ,2.8057,L ,73.5365,L ,13,482.348,0,0,0,204.118,L ,14.0282,98.9255,7.0184,39.582,0,5.9075,4.7023,2.576,0.1262,0.0617,0.0387,0.0031,2917.1,46.9,19.6,10.9,0.8,63,0,0,0,0,0,9,2,2,0,1.1828,0.2337,0.0473,0.0177,0.0056,1315.7,177.9,30.5,9.7,2.8,1.0423,0.2169,0.0498,0.009,0.0006,1224.2,182.9,42.9,8,0.7,0.5966,0.8333,0.7367,0.3534,0.1469,0.0672,0.0274,0.0201,0.0109,0.0055,0.0076,1471.2,800.9,427.4,169.5,64.3,30.2,12.4,8.7,5,2.3,3.4,0,0,0,0,0,0,146,91,26,5,0,151,64,24,12,,,L 
DePauw,Q,,2nd.half,Q,0.707,Q,21.624,Q,4,147.7237,0,0,0,71.848,Q,13.4814,24.9278,1.7206,7.8626,0,4.5037,4.6978,0.5977,0.0718,0.0252,0.0111,0.0011,2957.2,26.5,8.1,3.1,0.3,16,0,0,0,0,0,2,0,1,1,0.2794,0.0529,0.0132,0.0055,0.0011,1008.3,39.9,8.5,3.2,0.7,0.2929,0.0541,0.0063,0.0014,0.0002,1881.7,45.8,5.4,1.4,0.3,0.2375,0.1379,0.1254,0.115,0.049,0.0265,0.0103,0.0031,0.0014,0.0001,0.0008,2699.5,136.1,72,50.4,20,10.3,4.2,1.4,0.7,0.1,0.5,0,0,0,0,0,0,28,14,2,2,0,25,11,7,4,,,Q
DePauw,J,,2nd.half,J,1.1341,J,22.4113,J,6,219.2402,0,0,0,95.5929,J,13.0539,39.9857,2.7967,17.8908,0,4.2223,4.5899,1.006,0.0799,0.0355,0.012,0.0008,2951.3,29.2,11.3,3.4,0.2,16,0,0,0,0,0,2,3,1,0,0.4745,0.0953,0.0178,0.0045,0.0002,944.5,71.9,12.2,3,0.1,0.4383,0.0859,0.0144,0.0027,0.0004,1873.9,73.5,13,2.9,0.4,0.1885,0.4108,0.2528,0.1523,0.0693,0.0364,0.0121,0.0076,0.0022,0.0007,0.0013,2334.2,389.5,146,70.1,29.8,15.3,5.3,3.2,0.9,0.4,0.7,0,0,0,0,0,0,56,27,11,3,0,54,27,13,1,,,J
DePauw,K ,,2nd.half,K ,2.7748,K ,124.7153,K ,16,504.374,0,0,0,199.5497,K ,15.2312,97.835,6.9071,37.5288,0,5.9556,5.0505,2.4997,0.1329,0.0714,0.0317,0.0392,2905,48.9,22.8,8.9,9.7,27,0,0,0,0,0,10,5,1,0,1.164,0.2095,0.0467,0.015,0.008,1332.4,148.8,27.2,7.1,4.2,1.0682,0.2065,0.0484,0.0076,0.0008,1276.6,158,34.3,6.1,0.6,0.6243,0.8087,0.6989,0.3274,0.1278,0.0802,0.0383,0.0243,0.018,0.0115,0.0154,1523.5,784.9,405,153.4,55,31.1,15.8,9.3,6.8,4.2,6.3,0,0,0,0,0,0,127,68,16,5,0,149,52,14,12,,,K 
DePauw,E,,2nd.half,E,0.7096,E,26.9094,E,3,142.8874,0,0,0,55.3888,E,12.7705,25.0186,1.7981,10.8032,0,4.101,3.7823,0.0859,0.3895,0.2189,0.0153,0,2551.4,341.5,98,4.5,0,26,0,0,0,0,0,1,2,0,0,0.2786,0.0768,0.0111,0.0036,0.0001,314,57.5,7.9,2.4,0.1,0.2571,0.0685,0.0107,0.0029,0.0001,2542.8,58.4,9.4,2.8,0.1,0.1246,0.2072,0.2032,0.099,0.0438,0.0144,0.0098,0.0033,0.0019,0.0005,0.0019,2602.5,193.5,117.2,48,19.4,6.7,4.5,1.4,1,0.3,0.9,0,0,0,0,0,0,44,22,11,0,0,49,19,7,1,,,E
DePauw,N,,2nd.half,N,0.9233,N,60.9928,N,10,189.5809,0,0,0,72.1585,N,13.7449,57.3889,4.0942,23.0538,0,3.6267,3.6889,0.7642,0.0741,0.0504,0.0315,0.0031,1646.5,27.3,16,8.9,0.8,22,0,0,0,0,0,5,4,1,0,0.3847,0.0884,0.0124,0.0021,0,459.6,59,7.7,1.3,0,0.3385,0.0818,0.0141,0.0013,0,1098.8,60.8,11.2,1.1,0,0.1641,0.2507,0.2089,0.1386,0.09,0.0324,0.0162,0.0088,0.0061,0.004,0.0035,1217.5,236.2,120.8,63,34.3,13.1,6.2,3.4,2.3,1.4,1.3,0,0,0,0,0,0,45,30,4,0,0,52,20,5,0,,,N