Session Title,Player Name,Minutes Played,Split Name,Tags,Distance (miles),Sprint Distance (yards),Power Plays,Energy (kcal),Impacts,Hr Load,Time In Red Zone (min),Player Load,Top Speed (mph),Distance Per Min (yd/min),Power Score (w/kg),Work Ratio,Hr Max (bpm),Distance in Speed Zone 1 (miles),Distance in Speed Zone 2 (miles),Distance in Speed Zone 3 (miles),Distance in Speed Zone 4 (miles),Distance in Speed Zone 5 (miles),Time in Speed Zone 1 (secs),Time in Speed Zone 2 (secs),Time in Speed Zone 3 (secs),Time in Speed Zone 4 (secs),Time in Speed Zone 5 (secs),Impact Zones: 3 - 5 G (Impacts),Impact Zones: 5 - 10 G (Impacts),Impact Zones: 10 - 15 G (Impacts),Impact Zones: 15 - 20 G (Impacts),Impact Zones: > 20 G (Impacts),Power Play Duration Zones: 0 - 2.5 s (Power Plays),Power Play Duration Zones: 2.5 - 5 s (Power Plays),Power Play Duration Zones: 5 - 7.5 s (Power Plays),Power Play Duration Zones: 7.5 - 10 s (Power Plays),Power Play Duration Zones: > 10 s (Power Plays),Distance in Deceleration Zones: 0 - 1 m/s/s (miles),Distance in Deceleration Zones: 1 - 2 m/s/s (miles),Distance in Deceleration Zones: 2 - 3 m/s/s (miles),Distance in Deceleration Zones: 3 - 4 m/s/s (miles),Distance in Deceleration Zones: > 4 m/s/s (miles),Time in Deceleration Zones: 0 - 1 m/s/s (secs),Time in Deceleration Zones: 1 - 2 m/s/s (secs),Time in Deceleration Zones: 2 - 3 m/s/s (secs),Time in Deceleration Zones: 3 - 4 m/s/s (secs),Time in Deceleration Zones: > 4 m/s/s (secs),Distance in Acceleration Zones: 0 - 1 m/s/s (miles),Distance in Acceleration Zones: 1 - 2 m/s/s (miles),Distance in Acceleration Zones: 2 - 3 m/s/s (miles),Distance in Acceleration Zones: 3 - 4 m/s/s (miles),Distance in Acceleration Zones: > 4 m/s/s (miles),Time in Acceleration Zones: 0 - 1 m/s/s (secs),Time in Acceleration Zones: 1 - 2 m/s/s (secs),Time in Acceleration Zones: 2 - 3 m/s/s (secs),Time in Acceleration Zones: 3 - 4 m/s/s (secs),Time in Acceleration Zones: > 4 m/s/s (secs),Distance in Power Zone: 0 - 5 w/kg (miles),Distance in Power Zone: 5 - 10 w/kg (miles),Distance in Power Zone: 10 - 15 w/kg (miles),Distance in Power Zone: 15 - 20 w/kg (miles),Distance in Power Zone: 20 - 25 w/kg (miles),Distance in Power Zone: 25 - 30 w/kg (miles),Distance in Power Zone: 30 - 35 w/kg (miles),Distance in Power Zone: 35 - 40 w/kg (miles),Distance in Power Zone: 40 - 45 w/kg (miles),Distance in Power Zone: 45 - 50 w/kg (miles),Distance in Power Zone: > 50 w/kg (miles),Time in Power Zone: 0 - 5 w/kg (secs),Time in Power Zone: 5 - 10 w/kg (secs),Time in Power Zone: 10 - 15 w/kg (secs),Time in Power Zone: 15 - 20 w/kg (secs),Time in Power Zone: 20 - 25 w/kg (secs),Time in Power Zone: 25 - 30 w/kg (secs),Time in Power Zone: 30 - 35 w/kg (secs),Time in Power Zone: 35 - 40 w/kg (secs),Time in Power Zone: 40 - 45 w/kg (secs),Time in Power Zone: 45 - 50 w/kg (secs),Time in Power Zone: > 50 w/kg (secs),Time in HR Load Zone 0% - 60% Max HR(secs),Time in HR Load Zone 60% - 75% Max HR (secs),Time in HR Load Zone 75% - 85% Max HR (secs),Time in HR Load Zone 85% - 96% Max HR (secs),Time in HR Load Zone 96% - 100% Max HR (secs),Accelerations Zone Count: 0 - 1 m/s/s,Accelerations Zone Count: 1 - 2 m/s/s,Accelerations Zone Count: 2 - 3 m/s/s,Accelerations Zone Count: 3 - 4 m/s/s,Accelerations Zone Count: > 4 m/s/s,Deceleration Zone Count: 0 - 1 m/s/s,Deceleration Zone Count: 1 - 2 m/s/s,Deceleration Zone Count: 2 - 3 m/s/s,Deceleration Zone Count: 3 - 4 m/s/s,Deceleration Zone Count: > 4 m/s/s
Transylvania,K,90,game,game,5.6603,220.6938,45,1031.8234,0,0,0,398.6773,15.3505,107.3322,7.6007,42.5108,0,5.0078,0.3406,0.1865,0.1056,0.0198,5349.1,125.6,59.4,29.6,5,91,0,0,0,0,0,27,16,2,0,2.3518,0.4305,0.1096,0.0346,0.0051,2428.2,296.2,66.4,18,2.3,2.1734,0.4495,0.0932,0.0121,0.0005,2346.4,327.5,71.4,11.7,0.6,1.0781,1.5935,1.468,0.7726,0.3809,0.172,0.0916,0.0539,0.0248,0.0113,0.0137,2518.9,1536.4,843.7,359.6,157.5,71.4,38.1,22.6,9.9,4.8,5.8,5568.5,0,0,0,0,0,262,161,43,4,0,255,133,56,10
Transylvania,C,90,game,game,6.849,104.5272,36,1213.9651,1,0,0,552.2192,14.2271,129.8713,9.2134,59.8775,0,6.0427,0.5501,0.1968,0.0516,0.0078,5285.8,203.2,63,14.7,2,576,1,0,0,0,0,21,13,2,0,2.7163,0.5552,0.1289,0.0332,0.0088,2290.3,373.6,78.7,19,4.7,2.7546,0.5552,0.0845,0.0115,0.0008,2318.1,403.7,68.7,11.2,0.7,0.7154,1.9897,2.05,1.2516,0.4913,0.1951,0.077,0.039,0.0196,0.01,0.0104,1631.8,1835.7,1164.3,576.4,210.4,82.9,33.4,16.4,8.3,4.5,4.6,5568.5,0,0,0,0,0,380,193,45,5,0,339,163,56,19
Transylvania,X,0,game,game,0.1311,0,0,22.7642,0,0,0,77.8185,3.2411,2.4856,0.1443,0.0072,0,0.1217,0.0093,0,0,0,5555.5,13.1,0,0,0,0,0,0,0,0,0,0,0,0,0,0.0686,0.0028,0.0001,0,0,2147.5,7.2,0.2,0,0,0.0584,0.0011,0,0,0,3405.2,8.2,0.3,0,0,0.1285,0.0026,0,0,0,0,0,0,0,0,0,5565.2,3.4,0,0,0,0,0,0,0,0,0,5568.6,0,0,0,0,0,0,0,0,0,0,0,0,0,0
Transylvania,V,90,game,game,6.155,145.016,38,1100.9492,0,0,0,494.2685,14.6794,116.7115,8.2311,51.3091,0,5.5875,0.3283,0.1568,0.0646,0.0178,5375,120.8,50,18.3,4.5,283,0,0,0,0,0,26,9,2,1,2.5844,0.4929,0.0915,0.0248,0.0071,2360.5,362.7,58.6,14.2,3.7,2.4012,0.4457,0.0878,0.0171,0.0025,2313.6,366.5,70.8,15.7,2.3,0.9676,1.9403,1.8366,0.8032,0.3202,0.1337,0.0608,0.0418,0.0187,0.0151,0.0171,2068,1791,1071.5,379.5,134.5,57.3,26.1,17.2,7.9,6.9,8.7,5568.6,0,0,0,0,0,348,152,43,14,0,316,156,40,20
Transylvania,P,90,game,game,5.3944,244.5465,42,964.0471,1,0,0,341.9017,16.0763,102.2898,7.1014,36.2293,0,4.7492,0.3524,0.1539,0.0845,0.0545,5352.5,129.8,49.2,23.7,13.5,123,1,0,0,0,0,27,12,2,1,2.2986,0.3226,0.0946,0.0345,0.0129,2477.1,225.4,52.7,18.1,5.9,2.192,0.3491,0.0708,0.0167,0.0027,2469.1,250,53.1,15,2.3,1.3384,1.6089,1.1108,0.681,0.3021,0.172,0.0722,0.0512,0.0263,0.0145,0.0171,2758.2,1598.8,639.5,309.9,123.3,66.1,28.5,19.6,10.8,6.3,7.7,5568.5,0,0,0,0,0,202,99,42,9,0,181,91,46,24
Transylvania,F,90,game,game,3.1278,0,1,562.2076,1,0,0,202.8842,11.0009,59.3088,3.8578,14.1454,0,3.1198,0.0051,0.0028,0,0,5565.8,1.9,0.9,0,0,21,0,0,0,0,0,1,0,0,0,1.5192,0.1298,0.0235,0.009,0.0045,2690.9,145.9,18.7,6.3,2.5,1.2871,0.1278,0.0205,0.005,0.0013,2494.2,179.6,23.9,5.3,1.3,1.558,1.0789,0.3637,0.0817,0.0241,0.0079,0.0039,0.0025,0.0028,0.0016,0.0025,4143.8,1117.3,231.9,48.1,14.4,4.9,2.4,1.6,1.8,0.9,1.5,5568.6,0,0,0,0,0,140,48,12,6,0,118,35,19,9
Transylvania,B,17,game,game,1.4799,235.9289,12,260.7942,0,0,0,117.1131,15.0224,28.0623,1.9793,10.4227,0,0.2045,0.7471,0.3943,0.1336,0.0004,4666.5,693.5,171.3,37.2,0.1,24,0,0,0,0,0,6,3,1,2,0.601,0.1108,0.0272,0.0117,0.0043,1126,84.7,16.7,6.4,2.1,0.5947,0.1058,0.0201,0.0038,0.0006,4220,91.8,16.9,3.5,0.5,0.3294,0.3718,0.3235,0.1943,0.1126,0.084,0.0312,0.0158,0.0074,0.0046,0.0053,4836.9,358.6,189.2,89,43.3,27.5,11.3,5.6,2.9,1.9,2.4,5568.5,0,0,0,0,0,61,37,8,5,0,42,28,10,10
Transylvania,S,90,game,game,6.0658,295.9429,41,1125.9078,1,0,0,423.5387,16.5485,115.0212,8.1736,48.3793,0,5.2465,0.4562,0.1949,0.0878,0.0804,5294.9,167.9,62.3,24.6,19,278,1,0,0,0,0,26,11,2,2,2.2811,0.484,0.1587,0.0407,0.0104,2217.3,337,92.5,21.8,5.3,2.5101,0.4814,0.0863,0.0116,0.0015,2466.1,348.2,67.2,11.5,1.8,0.9719,1.8576,1.4681,0.9045,0.4071,0.2148,0.1214,0.0631,0.0313,0.0133,0.0127,2153.9,1814.7,840.6,410.6,171.9,84.7,45.4,24.1,12.1,5.2,5.5,5568.5,0,0,0,0,0,281,152,37,10,0,227,156,60,25
Transylvania,Z,0,game,game,0.1491,0,0,20.2922,0,0,0,45.5937,3.8575,2.8285,0.1666,0.0988,0,0.1491,0,0,0,0,5568.5,0,0,0,0,1,0,0,0,0,0,0,0,0,0,0.0816,0.0023,0.0003,0,0,1282.3,4.8,0.4,0,0,0.064,0.0009,0,0,0,4275.5,5.5,0,0,0,0.1365,0.0127,0,0,0,0,0,0,0,0,0,5554.1,14.4,0,0,0,0,0,0,0,0,0,5568.5,0,0,0,0,0,1,0,0,0,0,1,0,0,0
Transylvania,I,15,game,game,1.1645,113.5976,12,171.7111,0,0,0,82.6229,15.1715,22.0812,1.5928,8.0001,0,0.9341,0.0909,0.075,0.0415,0.0231,5494.1,33.5,23.7,11.6,5.8,19,0,0,0,0,0,6,3,2,1,0.4664,0.0976,0.0266,0.0087,0.0032,542.9,64.7,15,4.7,1.6,0.4317,0.105,0.0222,0.0031,0,4839.7,80,16.7,3.4,0,0.2631,0.2773,0.2257,0.1619,0.107,0.0676,0.0315,0.0196,0.0066,0.003,0.0011,5010.7,262.2,133.9,72.6,40.1,24.5,12.4,7.4,3,1.3,0.6,5568.5,0,0,0,0,0,48,32,9,1,0,44,24,6,9
Transylvania,J,22,game,game,1.6793,75.9436,14,324.3159,1,0,0,117.3635,14.6595,31.8439,2.2254,14.1256,0,1.4591,0.1246,0.0525,0.0316,0.0115,5494.2,45.9,16.8,8.8,2.9,19,1,0,0,0,0,10,3,1,0,0.6752,0.1222,0.0344,0.0095,0.0022,1020.2,91.3,21.5,5.1,1.2,0.6922,0.117,0.0203,0.0049,0.0013,4319.9,87.7,15.8,4.5,1.4,0.26,0.683,0.2907,0.2266,0.1056,0.0557,0.0199,0.0173,0.0104,0.0054,0.0048,4546.3,668.3,165.7,100.4,43.1,21.2,8,6.8,3.9,2.3,2.6,0,0,0,0,0,0,58,31,8,8,0,56,39,14,5
Transylvania,O,35,game,game,2.7109,306.7499,28,406.7308,1,0,0,201.5809,14.5452,51.4043,3.7729,19.9813,0,0.272,1.2525,1.0122,0.1743,0,3927.7,1161.3,427.8,51.9,0,29,1,0,0,0,0,13,7,5,3,1.0618,0.25,0.07,0.0189,0.0083,1630.8,177.7,40,10.9,4.2,0.987,0.2366,0.0656,0.011,0.0017,3462.3,178.9,51.4,10.8,1.7,0.4361,0.6744,0.5773,0.4945,0.274,0.121,0.0637,0.0351,0.0189,0.0074,0.0085,4142.6,667,328.3,216.7,107.5,48.2,26.9,15,8.6,3.8,4.1,5568.5,0,0,0,0,0,111,91,32,10,0,128,70,32,13
Transylvania,Q,82,game,game,6.0817,25.024,23,1285.2399,1,0,0,443.9016,12.9843,115.3217,8.0473,50.1194,0,5.5559,0.4079,0.1037,0.0142,0,5380.3,151,33.3,4.1,0,167,1,0,0,0,0,11,10,2,0,2.4746,0.433,0.11,0.0348,0.0079,2228.2,311,70.3,19.5,4.1,2.5009,0.4461,0.0667,0.0072,0.0004,2516.7,354.7,57.2,6.6,0.4,0.7896,1.6222,2.0394,1.1039,0.349,0.1029,0.0425,0.0157,0.0072,0.005,0.0041,2101.2,1560.4,1153.6,516.7,154,47.3,19.9,7.8,3.6,2.2,2,5568.5,0,0,0,0,0,336,137,26,3,0,263,152,53,19
Transylvania,M,90,game,game,5.7243,452.5293,44,909.4353,1,0,0,410.1971,16.3795,108.5454,7.7211,40.9539,0,0.5851,2.9539,1.9282,0.25,0.0072,1835.6,2814.3,845.5,71.7,1.6,182,1,0,0,0,0,25,14,3,2,2.2486,0.442,0.1255,0.0354,0.019,2303.7,307.9,78.4,18.2,9.1,2.296,0.4542,0.0864,0.0151,0.0022,2440.8,332.5,62.8,13.2,2.1,1.1237,1.4664,1.4244,0.9087,0.393,0.1899,0.0943,0.0459,0.0327,0.0185,0.0269,2574.1,1449.9,806.4,416.8,161.7,73,37.8,17.9,12.5,7.1,11.5,5568.5,0,0,0,0,0,236,134,34,13,0,181,159,30,34
Transylvania,H,22,game,game,1.7392,63.4163,15,282.3355,0,0,0,181.1132,15.0324,32.9786,2.3184,11.9848,0,1.5183,0.1232,0.0617,0.0254,0.0106,5494.1,45.2,19.6,7.2,2.6,46,0,0,0,0,0,12,2,1,0,0.7352,0.1226,0.0307,0.0125,0.0049,2519.7,94.9,18.6,6.4,2.1,0.6734,0.127,0.0289,0.0036,0.0004,2797.7,101.4,23.2,4.3,0.4,0.4163,0.4274,0.4286,0.2402,0.1124,0.0486,0.028,0.016,0.0107,0.0061,0.0048,4707,413.5,246.5,109.5,46.5,20.2,10.7,6.1,4.1,2.6,2,5568.5,0,0,0,0,0,65,45,10,3,0,57,39,15,7
Transylvania,L,90,game,game,5.7931,132.4679,33,999.8345,1,0,0,427.6033,15.609,109.849,7.8255,45.7763,0,5.3014,0.2939,0.1225,0.0487,0.0266,5400.5,108.6,39.2,13.7,6.6,130,1,0,0,0,0,25,7,1,0,2.3709,0.5117,0.1149,0.0317,0.004,2356.7,374.9,73.2,18.1,2.1,2.1773,0.4606,0.1022,0.0176,0.0021,2257,380.2,86.5,17.7,2.2,1.0205,1.7258,1.6787,0.7724,0.285,0.1341,0.0739,0.0454,0.0285,0.0134,0.0153,2319.9,1648.8,970.1,366.7,127.7,58.4,32.4,19.2,12.1,5.8,7.5,5568.4,0,0,0,0,0,318,169,53,13,0,290,158,56,13
Transylvania,G,54,game,game,3.8451,348.995,56,655.2562,0,0,0,274.5688,15.44,72.9113,5.294,29.0683,0,3.0221,0.3548,0.2699,0.1296,0.0686,5299,130.1,85.8,36.5,17.2,76,0,0,0,0,0,32,16,4,4,1.535,0.3166,0.0905,0.0333,0.0056,1978.3,210.5,49.9,16.9,2.7,1.4237,0.3553,0.072,0.0113,0.002,2992.4,254.5,51.7,9.9,1.8,0.609,1.0501,0.7835,0.5916,0.3912,0.1954,0.1053,0.0502,0.0342,0.0146,0.0199,3530.5,1018.4,450.8,264.9,148.5,70,39.1,18.7,12.8,6.1,8.8,5568.5,0,0,0,0,0,140,107,25,8,0,143,69,42,11
Transylvania,E,8,game,game,0.6427,12.4682,4,128.8429,0,0,0,52.8943,11.7316,12.1865,0.8722,5.0372,0,0.0776,0.3394,0.2186,0.0071,0,5170.9,300.3,95.2,2.2,0,41,0,0,0,0,0,4,0,0,0,0.2495,0.0656,0.0152,0.0024,0.0001,355,47,10.4,1.8,0.1,0.243,0.0542,0.0115,0.0012,0,5093.5,48.6,11,1.2,0,0.1178,0.1722,0.1647,0.1164,0.0443,0.0153,0.0058,0.0042,0.0011,0.0007,0.0003,5225.4,160,96.3,54.3,19.9,7.1,2.6,1.9,0.6,0.3,0.2,5568.4,0,0,0,0,0,39,23,4,1,0,32,22,5,1
Transylvania,N,14,game,game,1.1487,75.1977,9,238.0239,0,0,0,104.8382,13.899,32.3562,2.3302,12.299,0,0.9221,0.1271,0.0568,0.0342,0.0086,3672.5,46.8,18,9.6,2.2,44,0,0,0,0,0,5,2,1,1,0.4898,0.0861,0.0193,0.0077,0.004,1143.5,55.7,11,4,1.9,0.4229,0.0903,0.0237,0.0048,0.0001,2445.6,67.4,16.5,3.4,0.1,0.2213,0.2634,0.2527,0.2012,0.1062,0.0443,0.0254,0.0157,0.0066,0.0041,0.0078,3186.4,250.3,143.5,87.3,41,16.3,10.1,6.6,2.7,1.6,3.3,3749.1,0,0,0,0,0,49,28,13,1,0,47,23,8,5
Transylvania,K,90,all,game,5.9395,220.6938,45,1075.8192,0,0,0,426.415,15.3505,91.8725,6.4641,35.632,0,5.2869,0.3406,0.1865,0.1056,0.0198,6607.4,125.6,59.4,29.6,5,91,0,0,0,0,0,27,16,2,0,2.4942,0.4374,0.1098,0.0346,0.0051,2984.1,306.3,66.8,18,2.3,2.2983,0.4537,0.0938,0.0121,0.0005,3028.9,336,72.3,11.7,0.6,1.2184,1.6929,1.4995,0.78,0.3815,0.172,0.0916,0.0539,0.0248,0.0113,0.0137,3649.5,1641.6,861.9,363.6,157.8,71.4,38.1,22.6,9.9,4.8,5.8,6827,0,0,0,0,0,266,164,43,4,0,262,133,56,10
Transylvania,C,90,all,game,7.0865,104.5272,36,1250.1799,1,0,0,574.2372,14.2271,110.9623,7.8352,50.3129,0,6.2796,0.5506,0.1968,0.0516,0.0078,6460.5,203.4,63,14.7,2,576,1,0,0,0,0,21,13,2,0,2.8367,0.5586,0.1289,0.0332,0.0088,2700.4,378.6,78.7,19,4.7,2.8662,0.5574,0.0845,0.0115,0.0008,3074.7,406.9,68.7,11.2,0.7,0.8413,2.0682,2.073,1.2598,0.4926,0.1955,0.077,0.039,0.0196,0.01,0.0104,2708.6,1916.6,1177,580.1,211,83.1,33.4,16.4,8.3,4.5,4.6,6743.6,0,0,0,0,0,385,193,45,5,0,345,163,56,19
Transylvania,X,0,all,game,0.2927,0,0,51.2929,0,0,0,99.5706,3.2759,4.5704,0.2679,0.0266,0,0.2181,0.0745,0,0,0,6662.5,99,0,0,0,0,0,0,0,0,0,0,0,0,0,0.1534,0.0039,0.0002,0,0,2678.6,9.5,0.4,0,0,0.1335,0.0016,0,0,0,4062.8,9.9,0.3,0,0,0.2695,0.0231,0,0,0,0,0,0,0,0,0,6733.7,27.8,0,0,0,0,0,0,0,0,0,6761.6,0,0,0,0,0,0,0,0,0,0,0,0,0,0
Transylvania,V,90,all,game,6.447,145.016,38,1145.8713,0,0,0,518.0243,14.6794,100.1335,7.0169,42.8861,0,5.8796,0.3283,0.1568,0.0646,0.0178,6605.1,120.8,50,18.3,4.5,283,0,0,0,0,0,26,9,2,1,2.7345,0.4968,0.0915,0.0248,0.0071,2734.1,369.9,58.6,14.2,3.7,2.5377,0.4474,0.0878,0.0171,0.0025,3158.7,370.7,70.8,15.7,2.3,1.144,2.0363,1.8557,0.8037,0.3202,0.1337,0.0608,0.0418,0.0187,0.0151,0.0171,3191.3,1885.2,1083.8,379.8,134.5,57.3,26.1,17.2,7.9,6.9,8.7,6798.8,0,0,0,0,0,351,152,43,14,0,320,156,40,20
Transylvania,P,90,all,game,5.6342,244.5465,42,1001.218,1,0,0,358.3957,16.0763,87.6251,6.0485,30.5028,0,4.989,0.3524,0.1539,0.0845,0.0545,6574,129.8,49.2,23.7,13.5,123,1,0,0,0,0,27,12,2,1,2.4202,0.3272,0.0954,0.0348,0.013,2755.8,233.6,53.6,18.4,6,2.3021,0.3507,0.0713,0.0169,0.0027,3395.1,255.8,54.3,15.3,2.3,1.4639,1.7199,1.1138,0.6811,0.3023,0.172,0.0722,0.0512,0.0263,0.0145,0.0171,3856.8,1719.2,641.6,310,123.6,66.1,28.5,19.6,10.8,6.3,7.7,6790.3,0,0,0,0,0,204,99,42,9,0,183,93,46,24
Transylvania,F,90,all,game,3.4034,0,1,608.8164,3,0,0,225.5836,11.0009,53.2446,3.4467,12.7906,0,3.3955,0.0051,0.0028,0,0,6746.7,1.9,0.9,0,0,24,0,0,0,0,0,1,0,0,0,1.6596,0.1328,0.0235,0.009,0.0045,3050.4,150.9,18.8,6.3,2.5,1.4166,0.1304,0.0206,0.005,0.0013,3305.9,184.1,24,5.3,1.3,1.6928,1.1861,0.3952,0.084,0.0241,0.0079,0.0039,0.0025,0.0028,0.0016,0.0025,5195.6,1225.4,251.6,49.4,14.4,4.9,2.4,1.6,1.8,0.9,1.5,6749.6,0,0,0,0,0,146,48,12,6,0,125,35,19,9
Transylvania,B,17,all,game,1.6595,235.9289,12,287.5465,0,0,0,136.5353,15.0224,25.951,1.7997,8.6157,0,0.3111,0.8201,0.3943,0.1336,0.0004,5749.5,794.7,171.3,37.2,0.1,24,0,0,0,0,0,6,3,1,2,0.6917,0.1137,0.0274,0.0117,0.0043,1516.4,90.7,16.9,6.4,2.1,0.6794,0.1068,0.0201,0.0038,0.0006,5003.4,96,16.9,3.5,0.5,0.4963,0.3845,0.3235,0.1943,0.1126,0.084,0.0312,0.0158,0.0074,0.0046,0.0053,6005.7,374,189.2,89,43.3,27.5,11.3,5.6,2.9,1.9,2.4,6752.8,0,0,0,0,0,62,37,8,5,0,42,28,10,10
Transylvania,S,90,all,game,6.3565,295.9429,41,1171.6744,1,0,0,448.7044,16.5485,98.6547,6.9619,40.483,0,5.5372,0.4562,0.1949,0.0878,0.0804,6529.8,167.9,62.3,24.6,19,279,1,0,0,0,0,26,11,2,2,2.432,0.4868,0.1588,0.0407,0.0104,2685.9,341.7,92.6,21.8,5.3,2.6437,0.4845,0.0865,0.0116,0.0015,3222,353.4,67.6,11.5,1.8,1.143,1.949,1.4939,0.9065,0.4071,0.2148,0.1215,0.0633,0.0313,0.0133,0.0127,3278.9,1907.1,856.7,411.8,171.9,84.7,45.5,24.2,12.1,5.2,5.5,6803.6,0,0,0,0,0,285,153,37,10,0,230,156,60,25
Transylvania,Z,0,all,game,0.3367,0,0,46.1714,0,0,0,69.3353,4.4739,5.2921,0.3142,0.1057,0,0.3367,0,0,0,0,6719.3,0,0,0,0,1,0,0,0,0,0,0,0,0,0,0.175,0.0051,0.001,0.0003,0,1756.9,10.6,1.4,0.3,0,0.1529,0.0023,0.0002,0,0,4938.6,11,0.5,0,0,0.3082,0.028,0.0003,0.0001,0,0,0,0,0,0,0,6685.5,33.4,0.3,0.1,0,0,0,0,0,0,0,6719.3,0,0,0,0,0,2,0,0,0,0,1,0,1,0
Transylvania,I,15,all,game,1.3906,113.5976,12,199.7537,0,0,0,105.2241,15.1715,21.911,1.5396,6.956,0,1.1602,0.0909,0.075,0.0415,0.0231,6627.5,33.5,23.7,11.6,5.8,19,0,0,0,0,0,6,3,2,1,0.5798,0.1026,0.0267,0.0087,0.0032,901,75.1,15.3,4.7,1.6,0.5363,0.108,0.0222,0.0031,0,5596.1,87.9,17,3.4,0,0.4345,0.3009,0.2497,0.1681,0.1075,0.068,0.0315,0.0196,0.0066,0.003,0.0011,6100.8,289.3,146.7,75.6,40.3,24.7,12.4,7.4,3,1.3,0.6,6702.1,0,0,0,0,0,49,32,9,1,0,45,24,6,9
Transylvania,J,22,all,game,1.9413,75.9436,14,368.3373,2,0,0,141.5392,14.6595,29.5312,2.0275,11.7621,0,1.7211,0.1246,0.0525,0.0316,0.0115,6867.4,45.9,16.8,8.8,2.9,21,2,0,0,0,0,10,3,1,0,0.8061,0.1288,0.0348,0.0095,0.0022,1512.4,100.2,21.9,5.1,1.2,0.8128,0.1205,0.0203,0.0049,0.0013,5184.3,94.9,15.9,4.5,1.4,0.442,0.7539,0.2985,0.2275,0.106,0.0557,0.0199,0.0173,0.0104,0.0054,0.0048,5834.8,747,170.9,101,43.3,21.2,8,6.8,3.9,2.3,2.6,0,0,0,0,0,0,62,31,8,8,0,61,40,14,5
Transylvania,O,35,all,game,2.9272,306.7499,28,433.4694,1,0,0,222.995,14.5452,45.1582,3.2714,16.6645,18,0.3751,1.3622,1.0156,0.1743,0,5074.5,1288.5,429.6,51.9,0,29,1,0,0,0,0,13,7,5,3,1.171,0.2539,0.0704,0.0189,0.0083,2060.3,185.7,40.4,10.9,4.2,1.0885,0.2378,0.0657,0.011,0.0017,4295.8,183.1,51.6,10.8,1.7,0.5965,0.7128,0.5921,0.4972,0.274,0.121,0.0637,0.0351,0.0189,0.0074,0.0085,5369.6,705.4,337.2,218.2,107.5,48.2,26.9,15,8.6,3.8,4.1,6844.5,0,0,0,0,0,113,91,32,10,0,129,71,32,13
Transylvania,Q,82,all,game,6.369,25.024,23,1338.3342,1,0,0,471.9939,12.9843,99.9509,6.9348,42.296,0,5.8432,0.4079,0.1037,0.0142,0,6540.6,151,33.3,4.1,0,170,1,0,0,0,0,11,10,2,0,2.6196,0.4393,0.1103,0.0348,0.0079,2662,321.6,70.7,19.5,4.1,2.6332,0.4495,0.0668,0.0072,0.0004,3224.3,362.5,57.3,6.6,0.4,0.9559,1.7053,2.0757,1.1054,0.349,0.1029,0.0425,0.0157,0.0072,0.005,0.0041,3150.8,1648.7,1175.1,517.6,154,47.3,19.9,7.8,3.6,2.2,2,6729,0,0,0,0,0,340,138,26,3,0,268,152,53,19
Transylvania,M,90,all,game,5.9695,452.5293,44,943.0998,1,0,0,429.8065,16.3795,93.5144,6.6144,34.529,0,0.6491,3.1269,1.9365,0.25,0.0072,2802.8,3015.2,849.7,71.7,1.6,192,1,0,0,0,0,25,14,3,2,2.3686,0.4482,0.1256,0.0354,0.019,2586.1,315.6,78.5,18.2,9.1,2.4097,0.459,0.0868,0.0151,0.0022,3316.9,338.1,63.2,13.2,2.1,1.2614,1.5481,1.4437,0.914,0.3932,0.1908,0.0943,0.0459,0.0327,0.0185,0.0269,3644.4,1536.8,817.8,419.9,161.8,73.5,37.8,17.9,12.5,7.1,11.5,6741.1,0,0,0,0,0,240,135,34,13,0,187,160,30,34
Transylvania,H,22,all,game,1.987,63.4163,15,316.9541,0,0,0,207.7192,15.0324,31.016,2.1424,10.3502,0,1.7661,0.1232,0.0617,0.0254,0.0106,6690.5,45.2,19.6,7.2,2.6,46,0,0,0,0,0,12,2,1,0,0.8618,0.1269,0.0308,0.0125,0.0049,3073.9,102.5,18.8,6.4,2.1,0.7869,0.1299,0.0292,0.0036,0.0004,3425.1,107.9,23.7,4.3,0.4,0.5791,0.5032,0.4366,0.2411,0.1127,0.0486,0.028,0.016,0.0107,0.0061,0.0048,5815.3,495.5,251.8,110.1,46.7,20.2,10.7,6.1,4.1,2.6,2,6765.3,0,0,0,0,0,66,47,10,3,0,59,39,15,7
Transylvania,L,90,all,game,6.0797,132.4679,33,1043.4014,1,0,0,454.1328,15.609,94.9444,6.7253,39.1118,0,5.588,0.2939,0.1225,0.0487,0.0266,6593.8,108.6,39.2,13.7,6.6,132,1,0,0,0,0,25,7,1,0,2.5084,0.521,0.1159,0.0317,0.004,2711.9,387.8,73.9,18.1,2.1,2.309,0.4672,0.1029,0.0176,0.0021,3070.5,390.4,87.3,17.7,2.2,1.1465,1.834,1.7226,0.7787,0.2862,0.135,0.074,0.0454,0.0285,0.0134,0.0153,3375.9,1754.7,996.6,370.2,128.4,59,32.5,19.2,12.1,5.8,7.5,6762.1,0,0,0,0,0,326,171,53,13,0,298,160,56,13
Transylvania,G,54,all,game,4.0262,348.995,56,680.7898,0,0,0,295.624,15.44,62.9601,4.5355,24.4669,0,3.2032,0.3548,0.2699,0.1296,0.0686,6483.6,130.1,85.8,36.5,17.2,76,0,0,0,0,0,32,16,4,4,1.6226,0.3195,0.0909,0.0334,0.0056,2428.9,217,50.4,17.1,2.7,1.5125,0.3563,0.0722,0.0113,0.002,3715,258,52.4,9.9,1.8,0.7312,1.1088,0.7837,0.5916,0.3912,0.1954,0.1053,0.0502,0.0342,0.0146,0.0199,4653.7,1079.5,451.1,264.9,148.5,70,39.1,18.7,12.8,6.1,8.8,6753.3,0,0,0,0,0,140,107,25,8,0,143,69,42,11
Transylvania,E,8,all,game,0.7483,12.4682,4,146.4549,0,0,0,63.6207,11.7316,11.7747,0.8226,4.1797,0,0.1591,0.3635,0.2186,0.0071,0,6278.4,335.2,95.2,2.2,0,41,0,0,0,0,0,4,0,0,0,0.3048,0.0673,0.0152,0.0024,0.0001,586,51,10.4,1.8,0.1,0.2912,0.0546,0.0115,0.0012,0,5998.4,51.1,11,1.2,0,0.2214,0.1743,0.1647,0.1164,0.0443,0.0153,0.0058,0.0042,0.0011,0.0007,0.0003,6365.1,162.7,96.3,54.3,19.9,7.1,2.6,1.9,0.6,0.3,0.2,6711,0,0,0,0,0,39,23,4,1,0,32,22,5,1
Transylvania,N,14,all,game,1.2426,75.1977,9,254.1416,0,0,0,114.249,13.899,28.1759,2.0028,9.9094,0,1.016,0.1271,0.0568,0.0342,0.0086,4580.6,46.8,18,9.6,2.2,44,0,0,0,0,0,5,2,1,1,0.5375,0.0873,0.0194,0.0077,0.004,1357,58.4,11.1,4,1.9,0.4671,0.0909,0.0237,0.0048,0.0001,3134.6,70.2,16.5,3.4,0.1,0.3127,0.2659,0.2527,0.2012,0.1062,0.0443,0.0254,0.0157,0.0066,0.0041,0.0078,4091.2,253.6,143.5,87.3,41,16.3,10.1,6.6,2.7,1.6,3.3,4657.2,0,0,0,0,0,49,28,13,1,0,47,23,8,5
Transylvania,Dalimonte,,2nd.half,game,2.7795,124.4681,23,501.049,0,0,0,191.119,14.2867,105.2417,7.3689,39.7964,0,2.4232,0.1815,0.1041,0.0637,0.007,2669.5,66.9,33.1,17.9,1.8,44,0,0,0,0,0,14,8,1,0,1.19,0.1857,0.0493,0.0174,0.0021,1242.8,128,30.6,9.4,1,1.0772,0.2102,0.0423,0.005,0.0003,1188,152,32.1,5,0.3,0.6066,0.7707,0.6584,0.373,0.1923,0.0873,0.0433,0.0245,0.0116,0.0061,0.0058,1342.6,747,379.9,170.5,76.6,35.6,17.3,10.1,4.7,2.6,2.3,2789.1,0,0,0,0,0,114,76,21,2,0,108,58,29,5
Transylvania,Keller,,2nd.half,game,3.3682,55.9753,20,595.0027,1,0,0,264.6064,13.4516,127.53,9.0158,57.5362,0,2.9265,0.3059,0.104,0.0295,0.0023,2634,112.9,33.3,8.4,0.6,267,1,0,0,0,0,13,6,1,0,1.3465,0.2707,0.0564,0.0162,0.0056,1158.5,180.6,34.7,9.5,2.9,1.3612,0.2642,0.0406,0.0064,0.0005,1171.2,192.8,32.3,6.3,0.4,0.3936,1.0015,0.9286,0.6185,0.2461,0.1006,0.0399,0.02,0.0088,0.0059,0.0047,865.3,935.5,530,277.7,103.7,42.1,17.8,8.4,3.7,2.7,2.3,2789.1,0,0,0,0,0,167,88,24,2,0,149,76,26,11
Transylvania,Noga,,2nd.half,game,0.0843,0,0,14.8295,0,0,0,39.7033,3.2411,3.1919,0.1877,0.0143,0,0.0751,0.0092,0,0,0,2776.3,12.9,0,0,0,0,0,0,0,0,0,0,0,0,0,0.0438,0.0021,0.0001,0,0,1068.3,5.4,0.2,0,0,0.0374,0.0009,0,0,0,1707.9,7.1,0.3,0,0,0.0817,0.0026,0,0,0,0,0,0,0,0,0,2785.8,3.4,0,0,0,0,0,0,0,0,0,2789.1,0,0,0,0,0,0,0,0,0,0,0,0,0,0
Transylvania,Harding,,2nd.half,game,3.0773,76.2695,18,546.1878,0,0,0,241.1352,14.585,116.5164,8.1526,50.147,0,2.8067,0.1644,0.0629,0.0347,0.0087,2696.5,60.7,20,9.8,2.2,143,0,0,0,0,0,12,6,0,0,1.3087,0.2359,0.0444,0.0093,0.0028,1198.3,168.6,28.3,5.1,1.6,1.2143,0.2101,0.0431,0.0084,0.0004,1176.1,170.1,33.2,7.5,0.4,0.5138,0.953,0.9228,0.4016,0.147,0.0655,0.0264,0.0226,0.0084,0.0084,0.0079,1056.5,890.2,531.8,188.8,62.1,27.8,11.6,9.3,3.5,3.7,3.9,2789.1,0,0,0,0,0,157,74,20,4,0,150,71,16,8
Transylvania,Davis,,2nd.half,game,2.6596,133.5418,20,474.3845,0,0,0,166.527,15.1318,100.7021,6.9767,33.9452,0,2.2944,0.2014,0.0879,0.0446,0.0312,2666.6,74.1,28.2,12.5,7.8,66,0,0,0,0,0,11,7,1,1,1.1182,0.1558,0.0488,0.0204,0.0046,1239.9,106.2,27,10.7,2.1,1.1039,0.1607,0.0355,0.0104,0.0012,1254.8,111.4,26.9,9.2,1,0.7038,0.764,0.499,0.3464,0.1603,0.0893,0.0406,0.0295,0.0113,0.0077,0.0078,1445.8,764.9,288.1,153.9,63.4,33.9,15.6,11.1,5.3,3.4,3.8,2789.1,0,0,0,0,0,87,44,26,4,0,80,37,30,10
Transylvania,Hague,,2nd.half,game,1.5405,0,0,277.4731,1,0,0,100.9706,8.6496,58.3294,3.8013,13.6061,0,1.5392,0.0013,0,0,0,2788.7,0.5,0,0,0,12,0,0,0,0,0,0,0,0,0,0.7468,0.0645,0.0129,0.0043,0.0036,1346.5,73.3,10.7,3.1,1.9,0.6288,0.0667,0.0093,0.0028,0.0007,1243.9,95.4,11,2.7,0.7,0.7912,0.5117,0.1761,0.0411,0.0121,0.003,0.0009,0.0009,0.0018,0.0004,0.0015,2108.2,530.6,113.3,24.4,7.2,1.8,0.8,0.6,1.1,0.3,0.9,2789.1,0,0,0,0,0,74,24,5,4,0,58,19,9,7
Transylvania,Sierens,,2nd.half,game,1.4367,235.9289,12,254.3244,0,0,0,105.3716,15.0224,54.3987,3.8538,20.8096,0,0.1626,0.7458,0.3943,0.1336,0.0004,1888.9,691.6,171.3,37.2,0.1,24,0,0,0,0,0,6,3,1,2,0.5773,0.1085,0.0272,0.0117,0.0043,838.5,78.6,16.6,6.4,2.1,0.5785,0.1048,0.0201,0.0038,0.0006,1742.1,84.2,16.6,3.5,0.5,0.2864,0.3716,0.3235,0.1943,0.1126,0.084,0.0312,0.0158,0.0074,0.0046,0.0053,2057.6,358.4,189.2,89,43.3,27.5,11.3,5.6,2.9,1.9,2.4,2789.1,0,0,0,0,0,61,37,8,5,0,42,28,10,10
Transylvania,Reiser,,2nd.half,game,3.0463,141.5033,23,564.0575,1,0,0,209.8138,16.4242,115.3423,8.1753,47.2429,0,2.6229,0.2273,0.1157,0.0478,0.0326,2647.7,83.5,36.9,13.4,7.7,141,1,0,0,0,0,15,6,0,2,1.1539,0.239,0.0831,0.0191,0.0042,1114.7,165.2,48.1,10.5,2.2,1.2661,0.2295,0.0458,0.005,0.0007,1239.9,168.4,34.6,4.7,0.9,0.5044,0.9026,0.7398,0.4591,0.2164,0.1072,0.0582,0.0311,0.0136,0.0057,0.0082,1092.1,891.4,421.7,207.6,88.9,42.6,21.9,12,5.2,2.4,3.4,2789.1,0,0,0,0,0,130,76,16,4,0,107,74,34,8
Transylvania,Stewart,,2nd.half,game,0.1053,0,0,14.4835,0,0,0,23.7193,3.8575,3.9857,0.2375,0.1972,0,0.1053,0,0,0,0,2789.1,0,0,0,0,0,0,0,0,0,0,0,0,0,0,0.0563,0.002,0.0003,0,0,640.6,3.8,0.4,0,0,0.0459,0.0008,0,0,0,2140.2,4.1,0,0,0,0.0926,0.0127,0,0,0,0,0,0,0,0,0,2774.7,14.4,0,0,0,0,0,0,0,0,0,2789.2,0,0,0,0,0,1,0,0,0,0,1,0,0,0
Transylvania,Heyes,,2nd.half,game,1.1473,113.5976,12,169.579,0,0,0,80.5778,15.1715,43.4394,3.1406,15.9723,0,0.9169,0.0909,0.075,0.0415,0.0231,2714.6,33.5,23.7,11.6,5.8,15,0,0,0,0,0,6,3,2,1,0.4578,0.0966,0.0266,0.0087,0.0032,494.3,62.3,15,4.7,1.6,0.4244,0.1047,0.0222,0.0031,0,2113.4,78,16.5,3.4,0,0.2462,0.2769,0.2257,0.1619,0.107,0.0676,0.0315,0.0196,0.0066,0.003,0.0011,2231.7,261.7,133.9,72.6,40.1,24.5,12.4,7.4,3,1.3,0.6,2789.1,0,0,0,0,0,48,32,9,1,0,44,24,6,9
Transylvania,Connell,,2nd.half,game,0.0536,0,0,8.9405,0,0,0,10.1293,3.8476,2.0298,0.1225,0.1864,0,0.0536,0,0,0,0,2789.1,0,0,0,0,0,0,0,0,0,0,0,0,0,0,0.0257,0.0019,0.0001,0,0,257.1,3.8,0.2,0,0,0.0251,0.0008,0,0,0,2524.2,3.6,0.2,0,0,0.0374,0.0162,0,0,0,0,0,0,0,0,0,2770.7,18.4,0,0,0,0,0,0,0,0,0,0,0,0,0,0,0,0,0,0,0,0,0,0,0,0
Transylvania,Lucas,,2nd.half,game,1.0401,140.8406,14,154.2856,0,0,0,79.1596,14.5253,39.3805,2.8573,14.2227,0,0.1199,0.4037,0.4364,0.08,0,2203.8,380.3,181.4,23.7,0,11,0,0,0,0,0,8,2,2,2,0.4065,0.0834,0.0237,0.008,0.0045,735.5,58.9,11.7,4,2.3,0.4052,0.0839,0.0215,0.0031,0.0003,1898.2,59.1,16,3.2,0.3,0.1837,0.2014,0.2086,0.2101,0.1297,0.0551,0.0251,0.0122,0.0072,0.0033,0.0036,2288.9,203.2,116.3,89.6,49.6,20.8,9.8,4.8,3,1.6,1.6,2789.1,0,0,0,0,0,38,28,8,3,0,50,15,8,7
Transylvania,Reap,,2nd.half,game,2.7619,12.7351,14,580.3504,1,0,0,200.5986,12.2884,104.575,7.2549,43.6469,0,2.5102,0.187,0.0574,0.0072,0,2699.8,68.8,18.5,2.1,0,73,1,0,0,0,0,7,5,2,0,1.1515,0.1924,0.0481,0.0136,0.0031,1096.3,140.1,31.1,8,1.6,1.1235,0.1971,0.029,0.0037,0.0001,1322.5,161.5,24.5,3.5,0.1,0.4105,0.7419,0.8811,0.4914,0.1522,0.0488,0.0195,0.0072,0.0048,0.0034,0.0011,1237.2,723.7,495,228.2,66,22.3,9,3.6,2.3,1.3,0.6,2789.1,0,0,0,0,0,142,62,12,1,0,118,63,23,6
Transylvania,Sollinger,,2nd.half,game,2.7924,249.9511,22,441.8009,1,0,0,197.3114,16.3795,105.7284,7.4887,38.2834,0,0.325,1.4063,0.919,0.1349,0.0072,981.5,1366.4,401.4,38.3,1.6,80,1,0,0,0,0,14,4,2,2,1.1138,0.2056,0.0623,0.0166,0.0093,1170.4,140.2,39.2,8.6,4.6,1.1274,0.204,0.0438,0.0085,0.001,1233.8,152.4,31.6,7.3,1.1,0.6054,0.7022,0.6422,0.4435,0.1866,0.1016,0.0507,0.0245,0.0146,0.0084,0.0125,1367.5,699.4,363.2,201.3,76.1,37.7,20.2,9.6,5.6,3.3,5.3,2789.1,0,0,0,0,0,100,61,20,7,0,79,79,14,17
Transylvania,Chiero,,2nd.half,game,0.1145,0,0,15.48,0,0,0,46.1828,3.3306,4.3361,0.2538,0.0681,0,0.1145,0,0,0,0,2789.2,0,0,0,0,0,0,0,0,0,0,0,0,0,0,0.0577,0.0023,0.0003,0.0001,0,1289.8,4.8,0.5,0.1,0,0.0532,0.0008,0.0001,0,0,1489.3,4.2,0.4,0.1,0,0.1041,0.0104,0,0,0,0,0,0,0,0,0,2776.5,12.7,0,0,0,0,0,0,0,0,0,2789.1,0,0,0,0,0,1,0,0,0,0,0,0,0,0
Transylvania,Nielsen,,2nd.half,game,2.8015,75.9042,22,486.8209,0,0,0,206.337,14.1326,106.0721,7.6074,42.4079,0,2.5396,0.1411,0.0776,0.0298,0.0133,2700.4,52.1,24.8,8.4,3.4,58,0,0,0,0,0,18,4,0,0,1.1446,0.2444,0.0651,0.0166,0.0033,1194.4,178.6,39.1,9.2,1.7,1.0305,0.2322,0.0536,0.0097,0.0014,1122,189.8,44,8.9,1.4,0.5522,0.7898,0.7691,0.3672,0.1563,0.0686,0.0363,0.0258,0.0155,0.01,0.0106,1269.9,762,443.4,174.2,68.6,28.4,16,11,6.4,4.2,5,2789,0,0,0,0,0,150,82,25,7,0,137,72,25,9
Transylvania,Flynn,,2nd.half,game,2.3055,261.4122,34,392.928,0,0,0,158.8591,15.44,87.2924,6.338,34.1281,0,1.7585,0.2395,0.1589,0.093,0.0555,2610.9,87.7,50.6,26.1,13.9,47,0,0,0,0,0,18,10,2,4,0.9144,0.1803,0.0545,0.0232,0.004,1065.5,119.6,29.8,11.4,1.7,0.867,0.2141,0.0404,0.006,0.0015,1376.1,148.4,29.7,5.6,1.4,0.356,0.5887,0.454,0.3847,0.2407,0.1398,0.0664,0.0351,0.0211,0.0073,0.0115,1593.1,575.4,258.6,170.1,91,48.7,23.6,12.8,7.9,2.8,5.2,2789.1,0,0,0,0,0,80,66,12,5,0,79,37,29,6
Transylvania,Wood,,2nd.half,game,0.6343,12.4682,4,127.4358,0,0,0,50.7365,11.7316,24.0159,1.7223,10.057,0,0.0694,0.3392,0.2186,0.0071,0,2391.7,300,95.2,2.2,0,41,0,0,0,0,0,4,0,0,0,0.245,0.065,0.0152,0.0024,0.0001,297.7,45.5,10.4,1.8,0.1,0.2399,0.0539,0.0115,0.0012,0,2375.2,46.2,11,1.2,0,0.1095,0.1722,0.1647,0.1164,0.0443,0.0153,0.0058,0.0042,0.0011,0.0007,0.0003,2446,159.9,96.3,54.3,19.9,7.1,2.6,1.9,0.6,0.3,0.2,2789,0,0,0,0,0,39,23,4,1,0,32,22,5,1
Transylvania,Wecht,,2nd.half,game,1.1307,75.1977,9,235.0498,0,0,0,96.1567,13.899,44.7203,3.2306,17.2671,0,0.9041,0.1271,0.0568,0.0342,0.0086,2593.8,46.8,18,9.6,2.2,44,0,0,0,0,0,5,2,1,1,0.4796,0.0859,0.0193,0.0077,0.004,896.4,55.2,11,4,1.9,0.4153,0.0903,0.0237,0.0048,0.0001,1615,67,16.4,3.4,0.1,0.2034,0.2633,0.2527,0.2012,0.1062,0.0443,0.0254,0.0157,0.0066,0.0041,0.0078,2107.8,250.2,143.5,87.3,41,16.3,10.1,6.6,2.7,1.6,3.3,2670.4,0,0,0,0,0,49,28,13,1,0,47,23,8,5
Transylvania,Dalimonte,,1st.half,game,2.8808,96.2267,22,530.7745,0,0,0,207.5583,15.3505,109.4688,7.8333,45.2348,0,2.5845,0.1591,0.0825,0.0419,0.0128,2679.6,58.7,26.3,11.7,3.2,47,0,0,0,0,0,13,8,1,0,1.1618,0.2448,0.0602,0.0172,0.003,1185.4,168.2,35.8,8.6,1.3,1.0962,0.2393,0.0509,0.0071,0.0003,1158.4,175.5,39.3,6.7,0.3,0.4715,0.8228,0.8097,0.3996,0.1886,0.0847,0.0482,0.0294,0.0132,0.0052,0.0079,1176.3,789.4,463.8,189.1,80.9,35.8,20.8,12.5,5.2,2.2,3.5,2779.4,0,0,0,0,0,148,85,22,2,0,147,75,27,5
Transylvania,Keller,,1st.half,game,3.4808,48.553,16,618.9624,0,0,0,287.6128,14.2271,132.2678,9.4116,62.227,0,3.1162,0.2441,0.0928,0.0221,0.0055,2651.8,90.3,29.7,6.3,1.4,305,0,0,0,0,0,8,7,1,0,1.3698,0.2845,0.0725,0.017,0.0032,1131.8,193,44,9.5,1.8,1.3934,0.291,0.0439,0.0051,0.0003,1146.9,210.9,36.4,4.9,0.3,0.3218,0.9881,1.1214,0.6331,0.2451,0.0944,0.0371,0.019,0.0108,0.0041,0.0057,766.5,900.2,634.3,298.7,106.7,40.8,15.6,8,4.6,1.8,2.3,2779.4,0,0,0,0,0,213,105,21,3,0,190,87,30,8
Transylvania,Noga,,1st.half,game,0.0468,0,0,7.9348,0,0,0,38.1152,1.8691,1.7777,0.1008,0,0,0.0466,0.0001,0,0,0,2779.2,0.2,0,0,0,0,0,0,0,0,0,0,0,0,0,0.0248,0.0007,0,0,0,1079.2,1.8,0,0,0,0.021,0.0002,0,0,0,1697.3,1.1,0,0,0,0.0468,0,0,0,0,0,0,0,0,0,0,2779.4,0,0,0,0,0,0,0,0,0,0,2779.5,0,0,0,0,0,0,0,0,0,0,0,0,0,0
Transylvania,Harding,,1st.half,game,3.0777,68.7465,20,554.7615,0,0,0,253.1334,14.6794,116.9493,8.3098,52.4754,0,2.7808,0.1639,0.0939,0.0299,0.0091,2678.5,60.1,30,8.5,2.3,140,0,0,0,0,0,14,3,2,1,1.2757,0.2571,0.0472,0.0154,0.0042,1162.2,194.1,30.3,9.1,2.1,1.1869,0.2356,0.0447,0.0087,0.0021,1137.5,196.4,37.6,8.2,1.9,0.4538,0.9873,0.9138,0.4015,0.1732,0.0682,0.0344,0.0192,0.0103,0.0067,0.0092,1011.5,900.8,539.7,190.7,72.4,29.5,14.5,7.9,4.4,3.2,4.8,2779.5,0,0,0,0,0,191,78,23,10,0,166,85,24,12
Transylvania,Davis,,1st.half,game,2.7348,111.0047,22,489.6626,1,0,0,175.3746,16.0763,103.92,7.2266,38.5213,0,2.4548,0.151,0.066,0.0398,0.0232,2685.9,55.7,21,11.2,5.7,57,1,0,0,0,0,16,5,1,0,1.1803,0.1667,0.0458,0.0141,0.0082,1237.2,119.2,25.7,7.4,3.8,1.0882,0.1883,0.0354,0.0063,0.0015,1214.3,138.6,26.2,5.8,1.3,0.6346,0.8449,0.6118,0.3346,0.1418,0.0828,0.0316,0.0217,0.015,0.0067,0.0093,1312.4,833.9,351.4,156,59.9,32.2,12.9,8.5,5.5,2.9,3.9,2779.4,0,0,0,0,0,115,55,16,5,0,101,54,16,14
Transylvania,Hague,,1st.half,game,1.5872,0,1,284.7345,0,0,0,101.9136,11.0009,60.3131,3.9145,14.6866,0,1.5806,0.0038,0.0028,0,0,2777.1,1.4,0.9,0,0,3,0,0,0,0,0,1,0,0,0,0.7723,0.0653,0.0106,0.0047,0.0009,1344.4,72.6,8,3.2,0.6,0.6582,0.0612,0.0112,0.0022,0.0005,1250.3,84.2,12.9,2.6,0.6,0.7669,0.5672,0.1876,0.0406,0.0121,0.0049,0.003,0.0016,0.001,0.0012,0.001,2035.6,586.7,118.6,23.7,7.2,3.1,1.6,1,0.7,0.6,0.6,2779.5,0,0,0,0,0,66,24,7,2,0,60,16,10,2
Transylvania,Sierens,,1st.half,game,0.0432,0,0,6.4698,0,0,0,11.7416,2.7241,1.6413,0.0984,0,0,0.0418,0.0013,0,0,0,2777.6,1.9,0,0,0,0,0,0,0,0,0,0,0,0,0,0.0237,0.0023,0.0001,0,0,287.5,6.1,0.1,0,0,0.0162,0.001,0,0,0,2477.9,7.6,0.3,0,0,0.043,0.0002,0,0,0,0,0,0,0,0,0,2779.3,0.2,0,0,0,0,0,0,0,0,0,2779.4,0,0,0,0,0,0,0,0,0,0,0,0,0,0
Transylvania,Reiser,,1st.half,game,3.0195,154.4396,18,561.8504,0,0,0,213.7249,16.5485,114.7404,8.1718,49.5197,0,2.6236,0.2289,0.0792,0.04,0.0477,2647.2,84.4,25.4,11.2,11.3,137,0,0,0,0,0,11,5,2,0,1.1272,0.245,0.0756,0.0216,0.0062,1102.6,171.8,44.4,11.3,3.1,1.244,0.2519,0.0405,0.0066,0.0009,1226.2,179.8,32.6,6.8,0.9,0.4675,0.9549,0.7283,0.4455,0.1908,0.1076,0.0632,0.032,0.0178,0.0075,0.0045,1061.8,923.3,418.9,203,83,42.1,23.5,12.1,6.9,2.8,2.1,2779.4,0,0,0,0,0,151,76,21,6,0,120,82,26,17
Transylvania,Stewart,,1st.half,game,0.0439,0,0,5.8087,0,0,0,21.8744,1.6504,1.6672,0.0956,0,0,0.0439,0,0,0,0,2779.4,0,0,0,0,0,0,0,0,0,0,0,0,0,0,0.0253,0.0003,0,0,0,641.7,1,0,0,0,0.0181,0.0001,0,0,0,2135.3,1.4,0,0,0,0.0439,0,0,0,0,0,0,0,0,0,0,2779.4,0,0,0,0,0,0,0,0,0,0,2779.3,0,0,0,0,0,0,0,0,0,0,0,0,0,0
Transylvania,Heyes,,1st.half,game,0.0172,0,0,2.1322,0,0,0,2.0451,2.739,0.654,0.0396,0,0,0.0172,0,0,0,0,2779.5,0,0,0,0,0,0,0,0,0,0,0,0,0,0,0.0086,0.0011,0,0,0,48.6,2.4,0,0,0,0.0073,0.0002,0,0,0,2726.3,2,0.2,0,0,0.0169,0.0004,0,0,0,0,0,0,0,0,0,2779,0.5,0,0,0,0,0,0,0,0,0,2779.4,0,0,0,0,0,0,0,0,0,0,0,0,0,0
Transylvania,Connell,,1st.half,game,1.6257,75.9436,14,315.3755,1,0,0,107.2342,14.6595,61.7767,4.3356,28.113,0,1.4055,0.1246,0.0525,0.0316,0.0115,2705.1,45.9,16.8,8.8,2.9,19,1,0,0,0,0,10,3,1,0,0.6495,0.1204,0.0343,0.0095,0.0022,763.1,87.5,21.3,5.1,1.2,0.6671,0.1162,0.0203,0.0049,0.0013,1795.7,84.1,15.6,4.5,1.4,0.2226,0.6668,0.2907,0.2266,0.1056,0.0557,0.0199,0.0173,0.0104,0.0054,0.0048,1775.6,649.9,165.7,100.4,43.1,21.2,8,6.8,3.9,2.3,2.6,0,0,0,0,0,0,58,31,8,8,0,56,39,14,5
Transylvania,Lucas,,1st.half,game,1.6708,165.9094,14,252.4452,1,0,0,122.4213,14.5452,63.4899,4.6916,25.76,0,0.152,0.8487,0.5758,0.0943,0,1723.9,781,246.4,28.2,0,18,1,0,0,0,0,5,5,3,1,0.6553,0.1666,0.0463,0.011,0.0038,895.3,118.8,28.3,6.9,1.9,0.5818,0.1527,0.0441,0.0079,0.0014,1564.1,119.8,35.4,7.6,1.4,0.2523,0.473,0.3687,0.2844,0.1444,0.0659,0.0386,0.0229,0.0117,0.004,0.0049,1853.7,463.8,212,127.1,57.9,27.4,17.1,10.2,5.6,2.2,2.5,2779.4,0,0,0,0,0,73,63,24,7,0,78,55,24,6
Transylvania,Reap,,1st.half,game,3.3198,12.2889,9,704.8895,0,0,0,243.3031,12.9843,126.1487,8.8425,56.6145,0,3.0456,0.2209,0.0462,0.007,0,2680.5,82.2,14.8,2,0,91,0,0,0,0,0,4,5,0,0,1.3231,0.2406,0.062,0.0212,0.0048,1131.9,170.9,39.2,11.5,2.5,1.3774,0.2491,0.0377,0.0036,0.0003,1194.2,193.2,32.7,3.1,0.3,0.3791,0.8803,1.1583,0.6125,0.1968,0.0542,0.023,0.0086,0.0024,0.0016,0.003,864,836.7,658.6,288.5,88,25,10.9,4.2,1.3,0.9,1.4,2779.4,0,0,0,0,0,194,75,14,2,0,145,89,30,13
Transylvania,Sollinger,,1st.half,game,2.9319,202.577,22,467.6344,0,0,0,212.8857,14.7639,111.4116,7.9542,43.6337,0,0.26,1.5476,1.0092,0.1151,0,854.1,1447.9,444.1,33.4,0,100,0,0,0,0,0,11,10,1,0,1.1348,0.2364,0.0632,0.0187,0.0097,1133.3,167.7,39.2,9.6,4.5,1.1686,0.2502,0.0426,0.0066,0.0011,1207,180.1,31.2,5.9,1,0.5183,0.7641,0.7822,0.4652,0.2064,0.0883,0.0436,0.0214,0.018,0.0101,0.0143,1206.6,750.5,443.2,215.5,85.6,35.3,17.6,8.3,6.9,3.8,6.2,2779.4,0,0,0,0,0,136,73,14,6,0,102,80,16,17
Transylvania,Chiero,,1st.half,game,1.6247,63.4163,15,266.8555,0,0,0,134.9304,15.0324,61.736,4.3903,23.9432,0,1.4038,0.1232,0.0617,0.0254,0.0106,2704.9,45.2,19.6,7.2,2.6,46,0,0,0,0,0,12,2,1,0,0.6774,0.1203,0.0303,0.0124,0.0049,1229.9,90.1,18.1,6.3,2.1,0.6201,0.1262,0.0289,0.0036,0.0004,1308.4,97.2,22.8,4.2,0.4,0.3123,0.417,0.4286,0.2402,0.1124,0.0486,0.028,0.016,0.0107,0.0061,0.0048,1930.5,400.8,246.5,109.5,46.5,20.2,10.7,6.1,4.1,2.6,2,2779.4,0,0,0,0,0,64,45,10,3,0,57,39,15,7
Transylvania,Nielsen,,1st.half,game,2.9916,56.5626,11,513.0136,1,0,0,221.2663,15.609,113.6791,8.0444,49.1563,0,2.7618,0.1528,0.0449,0.0188,0.0133,2700.1,56.5,14.4,5.3,3.2,58,1,0,0,0,0,7,3,1,0,1.2264,0.2673,0.0498,0.0151,0.0006,1162.3,196.3,34.1,8.9,0.4,1.1469,0.2284,0.0485,0.0079,0.0007,1135,190.4,42.5,8.8,0.8,0.4684,0.9361,0.9095,0.4052,0.1287,0.0655,0.0376,0.0195,0.013,0.0034,0.0048,1050,886.8,526.7,192.5,59.1,30,16.4,8.2,5.7,1.6,2.5,2779.4,0,0,0,0,0,168,87,28,6,0,153,86,31,4
Transylvania,Flynn,,1st.half,game,1.5396,87.5829,22,262.3282,0,0,0,115.7097,14.5353,58.5047,4.2463,23.9908,0,1.2636,0.1153,0.111,0.0366,0.0131,2688.1,42.4,35.2,10.4,3.3,27,0,0,0,0,0,14,6,2,0,0.6206,0.1363,0.036,0.0101,0.0016,912.8,90.9,20.1,5.5,1,0.5567,0.1412,0.0315,0.0052,0.0004,1616.3,106.1,22,4.3,0.4,0.253,0.4614,0.3295,0.2068,0.1505,0.0556,0.0389,0.0152,0.0131,0.0073,0.0084,1937.4,443,192.2,94.8,57.5,21.3,15.5,5.9,4.9,3.3,3.6,2779.4,0,0,0,0,0,60,41,13,3,0,64,32,13,5
Transylvania,Wood,,1st.half,game,0.0084,0,0,1.407,0,0,0,2.1578,1.8641,0.3189,0.0191,0,0,0.0082,0.0002,0,0,0,2779.2,0.3,0,0,0,0,0,0,0,0,0,0,0,0,0,0.0045,0.0006,0,0,0,57.3,1.5,0,0,0,0.0031,0.0002,0,0,0,2718.3,2.4,0,0,0,0.0083,0,0,0,0,0,0,0,0,0,0,2779.4,0.1,0,0,0,0,0,0,0,0,0,2779.4,0,0,0,0,0,0,0,0,0,0,0,0,0,0
Transylvania,Wecht,,1st.half,game,0.018,0,0,2.9743,0,0,0,8.6815,2.5501,1.7608,0.1012,0,0,0.018,0,0,0,0,1078.7,0,0,0,0,0,0,0,0,0,0,0,0,0,0,0.0102,0.0002,0,0,0,247.1,0.5,0,0,0,0.0075,0,0,0,0,830.6,0.4,0.1,0,0,0.0179,0.0001,0,0,0,0,0,0,0,0,0,1078.6,0.1,0,0,0,0,0,0,0,0,0,1078.7,0,0,0,0,0,0,0,0,0,0,0,0,0,0