Session Title,Player Name,Minutes Played,Split Name,Duration,Player Name,Distance (miles),Player Name,Sprint Distance (yards),Player Name,Power Plays,Energy (kcal),Impacts,Hr Load,Time In Red Zone (min),Player Load,Player Name,Top Speed (mph),Distance Per Min (yd/min),Power Score (w/kg),Work Ratio,Hr Max (bpm),Max Deceleration (m/s/s),Max Acceleration (m/s/s),Distance in Speed Zone 1 (miles),Distance in Speed Zone 2 (miles),Distance in Speed Zone 3 (miles),Distance in Speed Zone 4 (miles),Distance in Speed Zone 5 (miles),Time in Speed Zone 1 (secs),Time in Speed Zone 2 (secs),Time in Speed Zone 3 (secs),Time in Speed Zone 4 (secs),Time in Speed Zone 5 (secs),Impact Zones: 3 - 5 G (Impacts),Impact Zones: 5 - 10 G (Impacts),Impact Zones: 10 - 15 G (Impacts),Impact Zones: 15 - 20 G (Impacts),Impact Zones: > 20 G (Impacts),Power Play Duration Zones: 0 - 2.5 s (Power Plays),Power Play Duration Zones: 2.5 - 5 s (Power Plays),Power Play Duration Zones: 5 - 7.5 s (Power Plays),Power Play Duration Zones: 7.5 - 10 s (Power Plays),Power Play Duration Zones: > 10 s (Power Plays),Distance in Deceleration Zones: 0 - 1 m/s/s (miles),Distance in Deceleration Zones: 1 - 2 m/s/s (miles),Distance in Deceleration Zones: 2 - 3 m/s/s (miles),Distance in Deceleration Zones: 3 - 4 m/s/s (miles),Distance in Deceleration Zones: > 4 m/s/s (miles),Time in Deceleration Zones: 0 - 1 m/s/s (secs),Time in Deceleration Zones: 1 - 2 m/s/s (secs),Time in Deceleration Zones: 2 - 3 m/s/s (secs),Time in Deceleration Zones: 3 - 4 m/s/s (secs),Time in Deceleration Zones: > 4 m/s/s (secs),Distance in Acceleration Zones: 0 - 1 m/s/s (miles),Distance in Acceleration Zones: 1 - 2 m/s/s (miles),Distance in Acceleration Zones: 2 - 3 m/s/s (miles),Distance in Acceleration Zones: 3 - 4 m/s/s (miles),Distance in Acceleration Zones: > 4 m/s/s (miles),Time in Acceleration Zones: 0 - 1 m/s/s (secs),Time in Acceleration Zones: 1 - 2 m/s/s (secs),Time in Acceleration Zones: 2 - 3 m/s/s (secs),Time in Acceleration Zones: 3 - 4 m/s/s (secs),Time in Acceleration Zones: > 4 m/s/s (secs),Distance in Power Zone: 0 - 5 w/kg (miles),Distance in Power Zone: 5 - 10 w/kg (miles),Distance in Power Zone: 10 - 15 w/kg (miles),Distance in Power Zone: 15 - 20 w/kg (miles),Distance in Power Zone: 20 - 25 w/kg (miles),Distance in Power Zone: 25 - 30 w/kg (miles),Distance in Power Zone: 30 - 35 w/kg (miles),Distance in Power Zone: 35 - 40 w/kg (miles),Distance in Power Zone: 40 - 45 w/kg (miles),Distance in Power Zone: 45 - 50 w/kg (miles),Distance in Power Zone: > 50 w/kg (miles),Time in Power Zone: 0 - 5 w/kg (secs),Time in Power Zone: 5 - 10 w/kg (secs),Time in Power Zone: 10 - 15 w/kg (secs),Time in Power Zone: 15 - 20 w/kg (secs),Time in Power Zone: 20 - 25 w/kg (secs),Time in Power Zone: 25 - 30 w/kg (secs),Time in Power Zone: 30 - 35 w/kg (secs),Time in Power Zone: 35 - 40 w/kg (secs),Time in Power Zone: 40 - 45 w/kg (secs),Time in Power Zone: 45 - 50 w/kg (secs),Time in Power Zone: > 50 w/kg (secs),Time in HR Load Zone 0% - 60% Max HR(secs),Time in HR Load Zone 60% - 75% Max HR (secs),Time in HR Load Zone 75% - 85% Max HR (secs),Time in HR Load Zone 85% - 96% Max HR (secs),Time in HR Load Zone 96% - 100% Max HR (secs),Accelerations Zone Count: 0 - 1 m/s/s,Accelerations Zone Count: 1 - 2 m/s/s,Accelerations Zone Count: 2 - 3 m/s/s,Accelerations Zone Count: 3 - 4 m/s/s,Accelerations Zone Count: > 4 m/s/s,Deceleration Zone Count: 0 - 1 m/s/s,Deceleration Zone Count: 1 - 2 m/s/s,Deceleration Zone Count: 2 - 3 m/s/s,Deceleration Zone Count: 3 - 4 m/s/s,Deceleration Zone Count: > 4 m/s/s,,,Player Name
Kenyon,H,62,game,5536,H,4.3338,H,242,H,31,712.9886,0,0,0,319.7543,H,16,82.6685,5.8887,33.7976,0,6,5.1815,3.8301,0.2199,0.1465,0.0768,0.0606,5372,81.2,46.5,21.5,15,93,0,0,0,0,0,18,9,3,1,1.8012,0.3147,0.0927,0.0304,0.0128,2252.5,238.8,57.7,17,6.1,1.6471,0.3427,0.0783,0.0129,0.001,2610,278.2,63.9,11,1,0.7466,1.2559,1.2223,0.5437,0.2517,0.1458,0.0587,0.0427,0.0263,0.0193,0.0209,3149.2,1194.2,709.3,258.5,105.7,54.5,22.8,15.7,10.1,7.6,8.6,5536.1,0,0,0,0,0,194,126,24,11,0,188,90,47,21,68,68,H
Kenyon,S,90,game,5536,S,5.9037,S,312,S,47,1099.5741,1,0,0,402.817,S,15.3,112.6144,8.0292,47.4134,0,5.9334,5.4334,5.1352,0.3676,0.2236,0.1426,0.0347,5281.4,134.9,71.2,40,8.7,249,1,0,0,0,0,30,9,7,1,2.3115,0.4565,0.1422,0.0402,0.0121,2284.5,319.3,85,22.6,6.1,2.3895,0.4247,0.1004,0.0218,0.0047,2402.2,319.4,73.9,18.5,4.7,0.9946,2.0281,1.3018,0.7465,0.388,0.1938,0.092,0.0685,0.0358,0.026,0.0285,2124.8,1991.2,746.1,340.5,154.5,76.3,36.8,27.1,14.8,10.7,13.4,5536.1,0,0,0,0,0,243,135,49,21,0,255,140,54,26,80,80,S
Kenyon,N,13,game,5536,N,1.2442,N,78,N,10,254.8174,0,0,0,121.5899,N,14.8,23.7341,1.6893,8.1626,0,4.4,3.8707,1.04,0.0893,0.0707,0.0345,0.0096,5468.8,32.7,22.5,9.8,2.4,30,0,0,0,0,0,3,4,2,1,0.5401,0.1086,0.0234,0.004,0.001,1463.4,85.8,14.1,2.4,0.6,0.4306,0.1092,0.0238,0.0035,0.0001,3847.3,100.2,19.2,3.1,0.1,0.3342,0.2789,0.254,0.1632,0.1106,0.0545,0.0194,0.0156,0.0056,0.0029,0.0053,4960.3,272.9,145.1,73.8,43.8,21.3,7.7,6,1.9,1.2,2.2,5536.1,0,0,0,0,0,50,37,13,0,0,50,34,4,3,7,7,N
Kenyon,K ,90,game,5536,K ,4.7999,K ,231,K ,33,866.9206,0,0,0,318.6687,K ,14.6,91.5586,6.4234,30.6179,0,5.2934,5.0045,4.274,0.2414,0.1534,0.1016,0.0295,5363,88.6,48.7,28.5,7.5,51,0,0,0,0,0,21,9,3,0,2.0773,0.3591,0.0843,0.0232,0.0028,2577.5,243.9,50.5,12.5,1.8,1.7904,0.3687,0.0793,0.0127,0.002,2286.2,288.7,62.5,11,1.7,1.3817,1.2594,1.0113,0.5217,0.3136,0.1507,0.0681,0.0423,0.0262,0.0118,0.0132,3211.6,1233,590.2,246.1,129,58.6,28,17.8,11,4.8,6.2,5536.1,0,0,0,0,0,196,124,34,10,0,201,100,35,10,45,45,K 
Kenyon,F,59,game,3662,F,1.8833,F,2,F,0,334.3195,0,0,0,121.2065,F,11.8,54.308,3.4881,10.0046,0,5.2445,4.6829,1.8446,0.0315,0.0061,0.001,0,3648.5,11.5,2,0.3,0,25,0,0,0,0,0,0,0,0,0,0.9218,0.073,0.0099,0.0031,0.0023,1777.8,80.1,8.5,2.2,1.3,0.7922,0.0678,0.0107,0.0022,0.0003,1677.8,100.1,11.9,2.3,0.3,1.0943,0.5035,0.1685,0.0796,0.0213,0.0078,0.004,0.0009,0.0006,0.0009,0.002,2968.5,529.4,106.5,38.7,10.7,4.1,2.1,0.6,0.3,0.4,1,3662.3,0,0,0,0,0,62,23,8,1,0,67,16,4,6,10,10,F
Kenyon,E,0,game,5536,E,0.0349,E,0,E,0,5.7607,0,0,0,11.2213,E,2.1,0.665,0.0392,0,0,0,0,0.0337,0.0012,0,0,0,5534.5,1.7,0,0,0,0,0,0,0,0,0,0,0,0,0,0.019,0.0009,0.0001,0,0,316.5,2.3,0.1,0,0,0.0144,0.0005,0,0,0,5213.4,3.9,0,0,0,0.0347,0.0002,0,0,0,0,0,0,0,0,0,5535.9,0.3,0,0,0,0,0,0,0,0,0,5536,0,0,0,0,0,0,0,0,0,0,0,0,0,0,0,,E
Kenyon,Z,18,game,5536,Z,1.816,Z,21,Z,15,299.6714,0,0,0,184.5693,Z,13.4,34.6396,2.4753,13.8256,0,5.8297,4.4267,1.5434,0.1804,0.0803,0.0095,0.0023,5440.7,66.2,25.9,2.7,0.6,47,0,0,0,0,0,8,6,0,1,0.7357,0.1431,0.0472,0.0101,0.0045,2013.6,108.2,30.1,6.1,2.3,0.6806,0.1621,0.0299,0.0028,0.0001,3210.1,134.7,27.7,3.2,0.1,0.3618,0.4027,0.4498,0.3406,0.1569,0.0574,0.028,0.0122,0.0031,0.0026,0.0009,4643.2,368.4,259.4,153.6,65.9,25.4,12.1,5.3,1.2,1.1,0.5,5536.1,0,0,0,0,0,98,69,10,1,0,74,65,21,9,30,30,Z
Kenyon,R,90,game,5536,R,6.1884,R,552,R,52,1052.6115,0,0,0,370.9805,R,16.5,118.0448,8.2869,48.6823,0,6,5.4312,0.4989,3.3092,2.0665,0.3076,0.0063,1482.6,3075.6,889,87.5,1.4,68,0,0,0,0,0,30,17,5,0,2.6587,0.3973,0.1158,0.0395,0.0128,2447.5,284.7,70.1,21.3,6.8,2.398,0.4833,0.0693,0.0119,0.0019,2253.9,380.3,58.8,11.1,1.6,0.9618,1.8361,1.4812,1.0281,0.456,0.2254,0.0914,0.0558,0.0265,0.0125,0.0136,2104.1,1782.1,846.5,457.6,185.9,85.5,33.6,20.6,9.6,4.7,5.9,5536.1,0,0,0,0,0,287,129,33,7,0,224,119,60,24,84,84,R
Kenyon,X,31,game,5536,X,0.8943,X,1,X,0,172.4923,0,0,0,108.0679,X,10.8,17.0583,1.1001,2.8539,0,5.3697,5.2445,0.3864,0.4297,0.0775,0.0006,0,5016.1,484.8,35.2,0.2,0,2,0,0,0,0,0,0,0,0,0,0.4263,0.04,0.0093,0.0017,0.0008,2305,47.5,6.9,1.1,0.4,0.376,0.0315,0.007,0.0013,0.0003,3112,54.3,6.8,1.9,0.4,0.5688,0.177,0.0916,0.035,0.0129,0.0028,0.0021,0.0013,0.0008,0.0002,0.0017,5268.7,183.3,55.2,17.8,6.3,1.8,1.1,0.6,0.5,0.1,0.9,5536.1,0,0,0,0,0,27,13,4,1,0,22,10,5,1,6,6,X
Kenyon,C,90,game,5536,C,6.8826,C,208,C,44,1227.0408,7,0,0,554.9373,C,15.9,131.2876,9.3671,60.3941,0,6,4.3156,6.0711,0.4873,0.2063,0.082,0.0359,5258.4,179.9,65.9,23.2,8.9,528,7,0,0,0,0,30,9,5,0,2.8073,0.5471,0.1212,0.0338,0.0124,2325.8,370.8,72.8,20.1,6.2,2.6724,0.567,0.1024,0.0184,0.0006,2233.4,412.8,78,15.7,0.7,0.6999,2.2349,1.9177,1.1164,0.4781,0.2098,0.1056,0.0563,0.026,0.016,0.022,1446.3,2092.9,1097.1,517,202.9,86.4,43.8,22.1,11,7.1,9.7,5536.1,0,0,0,0,0,334,212,56,5,0,370,156,61,23,84,84,C
Kenyon,J,42,game,5536,J,2.9853,J,135,J,22,587.1216,2,0,0,212.8582,J,14.3,56.9445,4.0523,25.7487,0,6,5.6371,2.6206,0.1821,0.1056,0.0605,0.0164,5414.4,67,33.6,17,4.2,39,2,0,0,0,0,12,8,1,1,1.2153,0.2352,0.069,0.022,0.0042,1616.9,174.6,43.6,13,2.4,1.1537,0.2154,0.0548,0.0123,0.0035,3451.7,177,42,11.6,3.4,0.4979,1.246,0.5159,0.34,0.1799,0.0901,0.0468,0.0298,0.0177,0.009,0.0122,3713.6,1203.1,305,155.1,72.8,36.4,19.5,12.2,7.9,4.5,6.1,0,0,0,0,0,0,124,73,32,15,0,103,70,36,12,48,48,J
Kenyon,O,0,game,5536,O,0.1135,O,0,O,0,13.5239,0,0,0,49.3492,O,3.2,2.166,0.1262,0.0108,0,0,0,0.1063,0.0072,0,0,0,5526.3,9.8,0,0,0,0,0,0,0,0,0,0,0,0,0,0.0621,0.0017,0.0003,0,0,1417.6,3.7,0.5,0,0,0.0484,0.0009,0.0001,0,0,4108.7,5.1,0.4,0.1,0,0.1114,0.0021,0,0,0,0,0,0,0,0,0,5533.4,2.6,0.1,0,0,0,0,0,0,0,0,5536.1,0,0,0,0,0,0,0,0,0,0,0,0,0,0,0,,O
Kenyon,P,0,game,5536,P,0.004,P,0,P,0,0.64,0,0,0,0.4699,P,2.7,0.0766,0.0047,0,0,0,0,0.004,0,0,0,0,5536.3,0,0,0,0,0,0,0,0,0,0,0,0,0,0,0.0021,0.0001,0,0,0,10.8,0.6,0,0,0,0.0017,0.0001,0,0,0,5524.1,0.8,0,0,0,0.0038,0.0002,0,0,0,0,0,0,0,0,0,5536,0.3,0,0,0,0,0,0,0,0,0,5536.1,0,0,0,0,0,0,0,0,0,0,0,0,0,0,0,,P
Kenyon,A,0,game,5536,A,0.117,A,0,A,0,17.0437,0,0,0,77.6894,A,2.6,2.2313,0.1263,0,0,0,0,0.1166,0.0004,0,0,0,5535.7,0.5,0,0,0,0,0,0,0,0,0,0,0,0,0,0.0646,0.0005,0,0,0,2235.2,1.2,0.1,0,0,0.0516,0.0003,0,0,0,3298.3,1.4,0,0,0,0.1167,0.0003,0,0,0,0,0,0,0,0,0,5535.9,0.3,0,0,0,0,0,0,0,0,0,5536.1,0,0,0,0,0,0,0,0,0,0,0,0,0,0,0,,A
Kenyon,B ,28,game,5536,B ,2.324,B ,221,B ,16,408.3861,1,0,0,179.8968,B ,15.1,44.3307,3.1176,18.7475,0,6,4.3839,0.2427,1.2655,0.6899,0.1227,0.0031,4078,1116.3,306.1,35.1,0.7,46,1,0,0,0,0,10,5,1,0,0.9904,0.168,0.0384,0.009,0.0036,1544.5,131.8,22.2,4.9,1.8,0.9128,0.1625,0.0324,0.0064,0.0005,3657.3,139.6,27.8,5.7,0.6,0.3794,0.6941,0.6289,0.3114,0.154,0.0753,0.0337,0.0206,0.0122,0.0059,0.0086,4258.4,650.2,361.8,144.2,62.4,27.9,13.2,7.6,4.7,2.4,3.4,5536.1,0,0,0,0,0,105,51,16,4,0,105,42,13,7,20,20,B 
Kenyon,Q,90,game,5536,Q,6.2444,Q,61,Q,32,1320.0487,3,0,0,463.7279,Q,13.5,119.1124,8.3136,49.2658,0,5.2482,4.026,5.5853,0.431,0.1932,0.0338,0.0012,5305.8,158.7,61.9,9.6,0.3,190,3,0,0,0,0,18,8,4,2,2.5777,0.4571,0.1109,0.0273,0.0093,2341.7,329.5,73.5,15.5,5.2,2.5131,0.4668,0.0717,0.0099,0.0005,2327.7,369.6,63.1,10.1,0.4,0.9865,1.912,1.7166,0.9719,0.4108,0.1379,0.0588,0.0283,0.012,0.0064,0.0032,1943,1871.7,989,449.9,173.8,60.5,25.4,12.9,5.2,3.1,1.8,0,0,0,0,0,0,323,148,36,3,0,282,155,44,22,66,66,Q
Kenyon,U,48,game,5536,U,3.424,U,306,U,36,562.2172,1,0,0,241.1874,U,16.1,65.3134,4.8013,26.6018,0,6,5.6404,2.822,0.2693,0.1592,0.0959,0.0777,5340.7,98.9,50.6,26.8,19.1,72,1,0,0,0,0,25,6,3,2,1.2988,0.2909,0.0953,0.0418,0.013,1977.1,193.3,53.5,20.4,6.4,1.2799,0.3129,0.0692,0.0189,0.0033,3004.1,215,48.2,15,3.1,0.5769,1.0691,0.6452,0.4795,0.2628,0.1668,0.0895,0.0455,0.0364,0.0212,0.031,3643.3,1054.4,370.1,215.2,106.4,61.2,34.3,16.9,13,8.4,12.9,5536.1,0,0,0,0,0,129,90,37,14,0,110,85,44,24,68,68,U
Kenyon,I,59,game,5536,I,4.1716,I,286,I,34,599.8985,0,0,0,293.3319,I,16.4,79.5733,5.597,30.6329,0,6,3.8445,3.4848,0.3537,0.1706,0.0883,0.0741,5308.7,130.3,54.4,24.8,18,36,0,0,0,0,0,16,13,3,2,1.7402,0.301,0.0713,0.0238,0.0078,1731.2,207.1,41.1,13.4,4.1,1.6315,0.3362,0.0535,0.0061,0.0001,3240.5,249,43.4,6.2,0.2,0.7817,1.118,0.9408,0.6703,0.3183,0.1742,0.0943,0.0437,0.018,0.0087,0.0035,3368.6,1073.6,540.8,298.7,128.1,65.4,33.6,15.5,7.2,3.2,1.5,5536.2,0,0,0,0,0,183,101,29,0,0,179,77,28,15,43,43,I
Kenyon,V,90,game,5536,V,6.0907,V,214,V,30,1087.8963,0,0,0,476.6571,V,14.4,116.1817,8.181,47.8731,0,6,4.64,5.4589,0.3766,0.1339,0.0863,0.0352,5321.3,139.3,42.7,24,9,213,0,0,0,0,0,18,8,3,1,2.5748,0.4676,0.1002,0.0238,0.007,2393.5,346.1,61.7,13.8,3.7,2.3414,0.4739,0.0877,0.0133,0.001,2242.4,386.1,75.2,12.8,1,1.0779,1.7408,1.6786,0.9134,0.354,0.1723,0.0775,0.0376,0.0191,0.0098,0.0098,2203.8,1654.6,964.2,427,152.3,68.9,32.3,16.2,8.4,4.4,4.2,5536.1,0,0,0,0,0,324,189,48,6,0,343,141,48,14,62,62,V
Kenyon,L ,90,game,5536,L ,5.7466,L ,251,L ,39,995.2786,0,0,0,401.0306,L ,17.2,109.617,7.8354,43.8496,0,5.3926,5.0045,5.1296,0.3115,0.1629,0.0737,0.0689,5332,114.9,51.9,20.7,16.7,108,1,0,0,0,0,28,9,2,0,2.373,0.4872,0.1175,0.0346,0.0086,2398.7,355.9,72,18,4.4,2.1215,0.4853,0.0987,0.0182,0.0019,2186.2,398.4,84,16.7,1.9,1.1029,1.8035,1.3574,0.759,0.3469,0.1609,0.0875,0.0565,0.0291,0.0197,0.0232,2325.8,1756.5,792.7,361.1,149.7,65.7,35.1,21.4,11.3,6.9,10,5536.2,0,0,0,0,0,310,188,54,11,0,306,153,53,19,72,72,L 
Kenyon,H,,1st.half,2828,H,2.0032,H,167.6974,H,18,328.3859,0,0,0,148.8348,H,16.0017,74.8015,5.3103,29.6273,0,6,5.1815,1.7038,0.1154,0.0888,0.0529,0.0424,2731.8,42.5,28.2,14.8,10.5,40,0,0,0,0,0,10,4,3,1,0.8418,0.1266,0.0409,0.0136,0.0069,1184.3,91.5,24,7.3,3.1,0.7844,0.1487,0.0339,0.0061,0.0003,1373.1,114,25.5,4.7,0.3,0.3487,0.5624,0.5347,0.2476,0.1302,0.0846,0.032,0.0253,0.0142,0.0106,0.0129,1755,534.4,308.6,113.8,51.8,29.4,11.7,8.8,5.3,4,5,2827.7,0,0,0,0,0,86,43,13,3,0,80,29,17,11,,,H
Kenyon,S,,1st.half,2828,S,3.0851,S,196.9034,S,28,579.3312,0,0,0,209.7551,S,15.3406,115.1998,8.2821,49.6004,0,5.9334,5.4334,2.6458,0.1876,0.1398,0.0854,0.0265,2684.1,68.7,44.4,24,6.6,125,0,0,0,0,0,16,7,5,0,1.2019,0.238,0.0799,0.0209,0.0075,1161.7,166,45.3,11.4,3.7,1.2389,0.2287,0.0527,0.0138,0.0028,1222.3,167.2,36.7,10.7,2.8,0.4754,1.0399,0.6916,0.3886,0.2289,0.1108,0.0507,0.0412,0.0245,0.0143,0.0192,1049.3,1015.6,394.4,176.5,88.9,42.4,20,16.1,10,5.9,8.7,2827.7,0,0,0,0,0,115,74,25,13,0,135,66,28,15,,,S
Kenyon,N,,1st.half,2828,N,0.1309,N,0,N,0,22.9262,0,0,0,23.82,N,5.1699,4.8872,0.2976,0.2794,0,0,0,0.1309,0,0,0,0,2827.8,0,0,0,0,0,0,0,0,0,0,0,0,0,0,0.069,0.0043,0.0001,0,0,580,8.5,0.1,0,0,0.0543,0.0031,0.0001,0,0,2228.2,10.6,0.4,0,0,0.1086,0.0209,0.0008,0.0005,0,0,0,0,0,0,0,2802.9,23.8,0.7,0.4,0,0,0,0,0,0,0,2827.7,0,0,0,0,0,2,0,0,0,0,1,0,0,0,,,N
Kenyon,K ,,1st.half,2828,K ,2.5769,K ,112.4067,K ,16,467.5716,0,0,0,171.1588,K ,14.585,96.2245,6.7827,33.2096,0,4.4089,5.0045,2.2994,0.1325,0.0812,0.0489,0.015,2735.8,48.8,25.7,13.7,3.8,31,0,0,0,0,0,11,3,2,0,1.1117,0.2035,0.0461,0.0115,0.0006,1308.9,136.2,28.8,6.8,0.4,0.9455,0.2063,0.0442,0.0065,0.0011,1142.8,161.4,35.6,6,0.9,0.688,0.6786,0.5657,0.3011,0.1771,0.081,0.0386,0.0208,0.014,0.0067,0.0053,1549.3,666.3,327.8,142,74,31.8,16.2,9,6.1,2.7,2.6,2827.7,0,0,0,0,0,107,74,18,6,0,111,61,20,4,,,K 
Kenyon,F,,1st.half,954,F,0.5583,F,0,F,0,100.5331,0,0,0,35.4723,F,10.6777,61.7973,4.0271,13.7016,0,4.0808,3.64,0.529,0.0251,0.0042,0,0,943.4,9.1,1.4,0,0,2,0,0,0,0,0,0,0,0,0,0.2694,0.0255,0.0041,0.0007,0.0001,456.6,26.5,3.2,0.5,0.1,0.2286,0.0255,0.0037,0.0005,0,427.7,34.4,4.5,0.4,0,0.2827,0.1448,0.0664,0.0474,0.0112,0.0038,0.0012,0.0003,0,0.0003,0.0003,733,149.9,41.3,21.5,5.2,1.9,0.6,0.2,0,0.1,0.2,953.9,0,0,0,0,0,21,10,3,0,0,22,6,2,1,,,F
Kenyon,E,,1st.half,2828,E,0.0181,E,0,E,0,2.988,0,0,0,5.0806,E,1.9586,0.6756,0.0398,0,0,0,0,0.0176,0.0005,0,0,0,2827,0.7,0,0,0,0,0,0,0,0,0,0,0,0,0,0.0099,0.0005,0.0001,0,0,141.6,1.3,0.1,0,0,0.0074,0.0003,0,0,0,2683,1.7,0,0,0,0.018,0.0001,0,0,0,0,0,0,0,0,0,2827.5,0.2,0,0,0,0,0,0,0,0,0,2827.6,0,0,0,0,0,0,0,0,0,0,0,0,0,0,,,E
Kenyon,Z,,1st.half,2828,Z,1.6402,Z,20.7666,Z,15,275.6646,0,0,0,141.4437,Z,13.4317,61.2478,4.458,26.9522,0,5.8297,4.4267,1.3676,0.1804,0.0803,0.0095,0.0023,2732.2,66.2,25.9,2.7,0.6,47,0,0,0,0,0,8,6,0,1,0.6377,0.1398,0.0465,0.01,0.0045,868.3,101.5,29.4,6,2.3,0.6095,0.1596,0.0297,0.0028,0.0001,1664.7,125,27.1,3.2,0.1,0.1948,0.3944,0.4496,0.3404,0.1569,0.0574,0.028,0.0122,0.0031,0.0026,0.0009,1945.1,358.4,259.2,153.4,65.9,25.4,12.1,5.3,1.2,1.1,0.5,2827.7,0,0,0,0,0,93,69,10,1,0,73,65,20,9,,,Z
Kenyon,R,,1st.half,2828,R,3.1869,R,300.9921,R,28,546.7252,0,0,0,195.6585,R,16.4541,119.0004,8.4268,50.2988,0,6,4.2572,0.2704,1.6732,1.0722,0.1652,0.0059,792.1,1524.6,462.4,47.3,1.3,40,0,0,0,0,0,17,8,3,0,1.3374,0.2265,0.066,0.0204,0.0064,1228.3,162.2,39.3,11.3,3.6,1.2201,0.2628,0.0401,0.0062,0.0012,1132.4,209.7,33.9,6.2,0.8,0.4778,0.9197,0.7869,0.5304,0.245,0.1173,0.0498,0.031,0.0147,0.0078,0.0065,1071,880.7,451.7,239.3,98.9,44.8,19,11.4,5.4,2.6,2.9,2827.8,0,0,0,0,0,157,69,24,3,0,125,63,37,11,,,R
Kenyon,X,,1st.half,2828,X,0.8437,X,1.1286,X,0,163.9736,0,0,0,69.0237,X,10.7672,31.5054,2.0474,5.5874,0,5.3697,5.2445,0.3359,0.4297,0.0775,0.0006,0,2307.6,484.8,35.2,0.2,0,2,0,0,0,0,0,0,0,0,0,0.3995,0.0398,0.0093,0.0017,0.0008,1187.5,47,6.9,1.1,0.4,0.3527,0.0314,0.007,0.0013,0.0003,1522.8,53,6.8,1.9,0.4,0.5182,0.177,0.0916,0.035,0.0129,0.0028,0.0021,0.0013,0.0008,0.0002,0.0017,2560.2,183.3,55.2,17.8,6.3,1.8,1.1,0.6,0.5,0.1,0.9,2827.7,0,0,0,0,0,27,13,4,1,0,22,10,5,1,,,X
Kenyon,C,,1st.half,2828,C,3.5127,C,124.2691,C,26,629.6432,5,0,0,282.0546,C,14.7242,131.1674,9.4105,60.0219,0,4.9738,4.253,3.0559,0.2682,0.118,0.052,0.0186,2671.6,99.1,37.7,14.7,4.7,283,5,0,0,0,0,19,4,3,0,1.4024,0.2966,0.0677,0.0168,0.0046,1166.7,197.4,41.3,10.4,2,1.367,0.2932,0.0548,0.009,0.0005,1154.8,207.2,39.8,7.6,0.6,0.3677,1.0983,0.9537,0.5897,0.2623,0.1163,0.0541,0.0311,0.0155,0.0098,0.0143,772.8,1031.3,544,271.6,109.8,46.8,22.6,12.1,6.5,4.2,6.1,2827.7,0,0,0,0,0,167,110,27,4,0,186,86,34,7,,,C
Kenyon,J,,1st.half,2828,J,1.3388,J,52.2986,J,13,261.9557,1,0,0,94.9474,J,13.3919,49.9927,3.5397,23.269,0,6,5.6371,1.1569,0.089,0.0632,0.0262,0.0035,2766.8,32.6,20.1,7.4,0.9,19,1,0,0,0,0,7,5,1,0,0.5591,0.1004,0.0279,0.0077,0.0016,711.2,75.1,17.2,4.5,0.8,0.5185,0.094,0.0236,0.0048,0.0012,1920.6,75.1,17.2,4.7,1.4,0.1923,0.5511,0.2616,0.1587,0.0841,0.0386,0.0234,0.015,0.0054,0.0043,0.0044,2002.8,528.8,152.9,72,32.5,16.2,9.8,6.1,2.4,2.1,2.2,0,0,0,0,0,0,51,31,14,6,0,50,33,14,3,,,J
Kenyon,O,,1st.half,2828,O,0.0642,O,0,O,0,7.8166,0,0,0,19.8308,O,3.1964,2.3967,0.1428,0.0212,0,0,0,0.0569,0.0072,0,0,0,2818,9.8,0,0,0,0,0,0,0,0,0,0,0,0,0,0.0349,0.0016,0.0003,0,0,553.2,3.4,0.5,0,0,0.0263,0.0009,0.0001,0,0,2265.4,4.8,0.4,0.1,0,0.0621,0.0021,0,0,0,0,0,0,0,0,0,2825.1,2.6,0.1,0,0,0,0,0,0,0,0,2827.7,0,0,0,0,0,0,0,0,0,0,0,0,0,0,,,O
Kenyon,P,,1st.half,2828,P,0.0026,P,0,P,0,0.4148,0,0,0,0.238,P,2.6943,0.0969,0.006,0,0,0,0,0.0026,0,0,0,0,2827.8,0,0,0,0,0,0,0,0,0,0,0,0,0,0,0.0013,0,0,0,0,5,0,0,0,0,0.0012,0,0,0,0,2822.5,0.3,0,0,0,0.0024,0.0002,0,0,0,0,0,0,0,0,0,2827.5,0.3,0,0,0,0,0,0,0,0,0,2827.7,0,0,0,0,0,0,0,0,0,0,0,0,0,0,,,P
Kenyon,A,,1st.half,2828,A,0.0456,A,0,A,0,6.6544,0,0,0,30.9858,A,2.5551,1.7023,0.0965,0,0,0,0,0.0452,0.0004,0,0,0,2827.3,0.5,0,0,0,0,0,0,0,0,0,0,0,0,0,0.025,0.0004,0,0,0,926.1,1.1,0.1,0,0,0.0199,0.0002,0,0,0,1899.3,1.2,0,0,0,0.0453,0.0003,0,0,0,0,0,0,0,0,0,2827.5,0.3,0,0,0,0,0,0,0,0,0,2827.7,0,0,0,0,0,0,0,0,0,0,0,0,0,0,,,A
Kenyon,B ,,1st.half,2828,B ,1.4541,B ,149.374,B ,10,255.7279,0,0,0,102.4718,B ,15.092,54.2988,3.8222,23.39,0,4.5556,4.3839,0.1226,0.8149,0.4317,0.0818,0.0031,1896.7,714.5,192.6,23.2,0.7,21,0,0,0,0,0,5,4,1,0,0.6223,0.109,0.0206,0.0061,0.0012,740.2,83.1,12.4,3.2,0.6,0.5712,0.1006,0.0187,0.0041,0.0003,1883.8,83.8,16.7,3.5,0.4,0.2131,0.4344,0.4149,0.1923,0.0967,0.0514,0.0219,0.012,0.0083,0.0028,0.0064,2016.5,405.4,237.9,90.4,39.6,18.5,8.4,4.4,3,1.1,2.5,2827.7,0,0,0,0,0,64,35,10,2,0,69,25,9,3,,,B 
Kenyon,Q,,1st.half,2828,Q,3.2887,Q,32.3271,Q,16,698.4567,0,0,0,243.8614,Q,13.5411,122.8027,8.6122,51.8035,0,5.2482,3.9734,2.9172,0.2425,0.1107,0.0176,0.0008,2698.1,89.1,35.4,5,0.2,95,0,0,0,0,0,7,4,3,2,1.343,0.2502,0.0597,0.0123,0.0052,1180.4,176.4,40.2,7.3,2.7,1.3169,0.259,0.0377,0.0044,0.0002,1184.4,198.6,33,4.6,0.2,0.4803,0.9575,0.9312,0.5448,0.2411,0.0756,0.0316,0.0148,0.0065,0.004,0.0014,952.2,931.5,532.1,251.6,101.8,33,13.6,6.7,2.7,1.9,0.7,0,0,0,0,0,0,168,85,19,1,0,143,90,24,10,,,Q
Kenyon,U,,1st.half,2828,U,1.9677,U,173.3755,U,20,323.424,1,0,0,135.6206,U,16.0564,73.4749,5.4073,30.232,0,6,5.6404,1.6355,0.143,0.0906,0.0548,0.0438,2720.5,52.4,28.9,15.3,10.7,42,1,0,0,0,0,14,3,2,1,0.7216,0.1822,0.0502,0.0246,0.007,1051.4,117.8,27.8,11.5,3.6,0.758,0.174,0.0366,0.0112,0.0022,1465.1,116,23.6,8.8,2.2,0.3104,0.6154,0.3896,0.2767,0.1506,0.0997,0.0478,0.0251,0.0209,0.0124,0.019,1728.7,608.5,220.7,124.5,61.1,36.1,18.3,9.5,7.5,4.9,8,2827.7,0,0,0,0,0,74,48,16,10,0,74,42,24,15,,,U
Kenyon,I,,1st.half,2828,I,1.9667,I,135.5212,I,15,284.1817,0,0,0,139.172,I,16.4242,73.4389,5.1912,29.1322,0,5.5112,3.8445,1.6365,0.1845,0.0687,0.0288,0.0482,2718.1,68.1,22,8.1,11.5,12,0,0,0,0,0,9,4,1,1,0.8317,0.1423,0.0356,0.0124,0.0014,801.8,101.8,20.3,6.6,0.8,0.7438,0.1736,0.0229,0.003,0.0001,1745,129.5,18.5,3.3,0.2,0.3433,0.5073,0.4524,0.3519,0.1433,0.0801,0.0516,0.0232,0.0083,0.0047,0.0005,1812.6,478,260.4,156.1,59.3,30.2,18,8,3.3,1.7,0.2,2827.7,0,0,0,0,0,88,52,14,0,0,89,36,15,3,,,I
Kenyon,V,,1st.half,2828,V,3.1389,V,174.1213,V,21,565.671,0,0,0,241.6519,V,14.4259,117.2075,8.3282,47.712,0,6,4.28,2.749,0.2057,0.0852,0.0681,0.0309,2698,75.9,27.1,18.9,7.9,100,0,0,0,0,0,14,4,2,1,1.3132,0.2605,0.0486,0.0111,0.0049,1214.9,187.1,30.7,6.2,2.3,1.1812,0.263,0.0485,0.0072,0.0006,1133,206.4,39.4,7.1,0.7,0.556,0.8681,0.8218,0.47,0.206,0.1176,0.0518,0.0251,0.0109,0.0062,0.0054,1140.2,823.1,471.2,220.5,87.1,44.8,20.6,10.4,4.8,2.8,2.3,2827.7,0,0,0,0,0,165,103,24,4,0,177,75,24,7,,,V
Kenyon,L ,,1st.half,2828,L ,2.971,L ,128.3515,L ,20,516.9081,0,0,0,210.9389,L ,17.1848,110.9412,7.9673,45.5494,0,5.3926,5.0045,2.6558,0.1507,0.0917,0.0341,0.0388,2724.3,55.4,29.2,9.6,9.2,58,0,0,0,0,0,14,4,2,0,1.2235,0.261,0.062,0.0181,0.0041,1214.5,193.4,39,9.8,2.2,1.074,0.2671,0.0524,0.0077,0.0011,1092.6,221,46.3,7.8,1.1,0.535,0.9376,0.7258,0.3868,0.1955,0.0794,0.0466,0.0287,0.0116,0.0131,0.0108,1149.5,905,426.1,186.5,85.1,33.1,18.2,10.8,4.5,4.4,4.5,2827.8,0,0,0,0,0,168,111,27,6,0,167,86,28,11,,,L 
Kenyon,H,,2nd.half,2708,H,2.3306,H,74.1063,H,13,384.6026,0,0,0,170.9195,H,15.6885,90.884,6.4926,38.1517,0,5.9556,4.9867,2.1263,0.1045,0.0577,0.0239,0.0182,2640.2,38.7,18.3,6.7,4.5,52,0,0,0,0,0,8,5,0,0,0.9594,0.188,0.0518,0.0169,0.0059,1068.2,147.3,33.7,9.7,3,0.8627,0.1941,0.0443,0.0068,0.0008,1236.9,164.2,38.4,6.3,0.7,0.3979,0.6935,0.6876,0.2961,0.1215,0.0611,0.0267,0.0174,0.0121,0.0087,0.008,1394.2,659.8,400.7,144.7,53.9,25.1,11.1,6.9,4.8,3.6,3.6,2708.4,0,0,0,0,0,108,83,11,8,0,108,61,30,10,,,H
Kenyon,S,,2nd.half,2708,S,2.8186,S,115.1878,S,19,520.243,1,0,0,193.0619,S,14.6048,109.9145,7.7651,45.13,0,5.3689,4.7074,2.4893,0.18,0.0838,0.0572,0.0083,2597.3,66.2,26.8,16,2.1,122,1,0,0,0,0,14,2,2,1,1.1096,0.2185,0.0623,0.0193,0.0047,1122.8,153.3,39.7,11.2,2.4,1.1506,0.1959,0.0477,0.008,0.0019,1179.9,152.2,37.2,7.8,1.9,0.5191,0.9882,0.6103,0.358,0.1591,0.083,0.0413,0.0273,0.0113,0.0117,0.0093,1075.5,975.6,351.7,164,65.6,33.9,16.8,11,4.8,4.8,4.7,2708.4,0,0,0,0,0,128,61,24,8,0,120,74,26,11,,,S
Kenyon,N,,2nd.half,2708,N,1.1134,N,77.6988,N,10,231.8911,0,0,0,97.7699,N,14.7937,43.4162,3.1424,16.3934,0,4.4,3.8707,0.9092,0.0893,0.0707,0.0345,0.0096,2641,32.7,22.5,9.8,2.4,30,0,0,0,0,0,3,4,2,1,0.471,0.1042,0.0234,0.004,0.001,883.4,77.3,14,2.4,0.6,0.3763,0.1061,0.0237,0.0035,0.0001,1619.1,89.6,18.8,3.1,0.1,0.2256,0.258,0.2532,0.1627,0.1106,0.0545,0.0194,0.0156,0.0056,0.0029,0.0053,2157.4,249.1,144.4,73.4,43.8,21.3,7.7,6,1.9,1.2,2.2,2708.4,0,0,0,0,0,48,37,13,0,0,49,34,4,3,,,N
Kenyon,K ,,2nd.half,2708,K ,2.223,K ,118.3384,K ,17,399.349,0,0,0,147.5099,K ,14.4756,86.686,6.0482,27.9121,0,5.2934,4.8134,1.9746,0.1089,0.0722,0.0527,0.0146,2627.2,39.8,23,14.8,3.7,20,0,0,0,0,0,10,6,1,0,0.9656,0.1556,0.0383,0.0117,0.0022,1268.6,107.7,21.7,5.7,1.4,0.845,0.1624,0.0351,0.0062,0.001,1143.4,127.3,26.9,5,0.8,0.6937,0.5808,0.4456,0.2205,0.1365,0.0696,0.0294,0.0215,0.0123,0.0051,0.0079,1662.3,566.7,262.4,104.1,55,26.8,11.8,8.8,4.9,2.1,3.6,2708.4,0,0,0,0,0,89,50,16,4,0,90,39,15,6,,,K 
Kenyon,F,,2nd.half,2708,F,1.325,F,1.8034,F,0,233.7864,0,0,0,85.7342,F,11.7614,51.6697,3.2983,8.7026,0,5.2445,4.6829,1.3156,0.0065,0.0019,0.001,0,2705.1,2.4,0.6,0.3,0,7,0,0,0,0,0,0,0,0,0,0.6524,0.0475,0.0058,0.0024,0.0022,1321.2,53.6,5.3,1.7,1.2,0.5636,0.0423,0.0069,0.0017,0.0003,1250.1,65.7,7.4,1.9,0.3,0.8116,0.3587,0.1021,0.0322,0.0101,0.004,0.0028,0.0006,0.0006,0.0006,0.0017,2235.5,379.5,65.2,17.2,5.5,2.2,1.5,0.4,0.3,0.3,0.8,2708.4,0,0,0,0,0,41,13,5,1,0,45,10,2,5,,,F
Kenyon,E,,2nd.half,2708,E,0.0168,E,0,E,0,2.7726,0,0,0,6.1407,E,2.1127,0.6539,0.0386,0,0,0,0,0.0161,0.0007,0,0,0,2707.5,1,0,0,0,0,0,0,0,0,0,0,0,0,0,0.0091,0.0004,0,0,0,174.9,1,0,0,0,0.007,0.0002,0,0,0,2530.4,2.2,0,0,0,0.0167,0.0001,0,0,0,0,0,0,0,0,0,2708.4,0.1,0,0,0,0,0,0,0,0,0,2708.4,0,0,0,0,0,0,0,0,0,0,0,0,0,0,,,E
Kenyon,Z,,2nd.half,2708,Z,0.1757,Z,0,Z,0,24.0068,0,0,0,43.1256,Z,3.9569,6.8523,0.4053,0.1218,0,3.2323,0,0.1757,0,0,0,0,2708.5,0,0,0,0,0,0,0,0,0,0,0,0,0,0,0.098,0.0033,0.0006,0.0001,0,1145.3,6.7,0.7,0.1,0,0.0711,0.0024,0.0002,0,0,1545.4,9.7,0.6,0,0,0.167,0.0084,0.0002,0.0002,0,0,0,0,0,0,0,2698.1,10,0.2,0.2,0,0,0,0,0,0,0,2708.4,0,0,0,0,0,5,0,0,0,0,1,0,1,0,,,Z
Kenyon,R,,2nd.half,2708,R,3.0015,R,251.4013,R,24,505.8862,0,0,0,175.3221,R,14.8136,117.0468,8.1409,46.9945,0,6,5.4312,0.2285,1.636,0.9942,0.1424,0.0004,690.5,1551,426.6,40.2,0.1,28,0,0,0,0,0,13,9,2,0,1.3213,0.1708,0.0498,0.0191,0.0064,1219.2,122.5,30.8,10,3.2,1.1779,0.2206,0.0292,0.0057,0.0007,1121.5,170.6,24.9,4.9,0.8,0.484,0.9163,0.6943,0.4978,0.211,0.1081,0.0416,0.0248,0.0118,0.0047,0.0071,1033.1,901.4,394.8,218.3,87,40.7,14.6,9.2,4.2,2.1,3,2708.3,0,0,0,0,0,130,60,9,4,0,99,56,23,13,,,R
Kenyon,X,,2nd.half,2708,X,0.0505,X,0,X,0,8.5187,0,0,0,39.0442,X,1.7945,1.9711,0.1111,0,0,0,0,0.0505,0,0,0,0,2708.5,0,0,0,0,0,0,0,0,0,0,0,0,0,0,0.0268,0.0002,0,0,0,1117.5,0.5,0,0,0,0.0233,0.0001,0,0,0,1589.2,1.3,0,0,0,0.0505,0,0,0,0,0,0,0,0,0,0,2708.5,0,0,0,0,0,0,0,0,0,0,2708.4,0,0,0,0,0,0,0,0,0,0,0,0,0,0,,,X
Kenyon,C,,2nd.half,2708,C,3.3699,C,83.2336,C,18,597.3977,2,0,0,272.8827,C,15.9073,131.4131,9.3218,60.7827,0,6,4.3156,3.0152,0.2192,0.0883,0.03,0.0173,2586.8,80.8,28.2,8.5,4.2,240,2,0,0,0,0,11,5,2,0,1.4049,0.2505,0.0535,0.017,0.0078,1159.1,173.4,31.5,9.7,4.2,1.3054,0.2738,0.0476,0.0094,0.0001,1078.6,205.6,38.2,8.1,0.1,0.3323,1.1365,0.964,0.5267,0.2159,0.0935,0.0515,0.0252,0.0105,0.0063,0.0077,673.5,1061.6,553.1,245.4,93.1,39.6,21.2,10,4.5,2.9,3.6,2708.4,0,0,0,0,0,167,102,29,1,0,184,70,27,16,,,C
Kenyon,J,,2nd.half,2708,J,1.6464,J,83.1012,J,9,325.1659,1,0,0,117.9108,J,14.2519,64.2043,4.5875,28.3378,0,5.0519,4.9512,1.4636,0.0931,0.0425,0.0343,0.0129,2647.6,34.4,13.5,9.6,3.3,19,1,0,0,0,0,5,3,0,1,0.6561,0.1348,0.041,0.0143,0.0026,905.7,99.5,26.4,8.5,1.6,0.6351,0.1214,0.0313,0.0075,0.0023,1531.1,101.9,24.8,6.9,2,0.3057,0.6949,0.2544,0.1813,0.0958,0.0516,0.0233,0.0147,0.0122,0.0047,0.0078,1710.8,674.3,152.1,83.1,40.3,20.2,9.7,6.1,5.5,2.4,3.9,0,0,0,0,0,0,73,42,18,9,0,53,37,22,9,,,J
Kenyon,O,,2nd.half,2708,O,0.0494,O,0,O,0,5.7073,0,0,0,29.5184,O,1.4615,1.925,0.1089,0,0,0,0,0.0494,0,0,0,0,2708.3,0,0,0,0,0,0,0,0,0,0,0,0,0,0,0.0271,0.0001,0,0,0,864.4,0.3,0,0,0,0.0221,0,0,0,0,1843.3,0.3,0,0,0,0.0494,0,0,0,0,0,0,0,0,0,0,2708.3,0,0,0,0,0,0,0,0,0,0,2708.4,0,0,0,0,0,0,0,0,0,0,0,0,0,0,,,O
Kenyon,P,,2nd.half,2708,P,0.0014,P,0,P,0,0.2252,0,0,0,0.2319,P,1.9138,0.0554,0.0034,0,0,0,0,0.0014,0,0,0,0,2708.5,0,0,0,0,0,0,0,0,0,0,0,0,0,0,0.0008,0.0001,0,0,0,5.8,0.6,0,0,0,0.0004,0,0,0,0,2701.6,0.5,0,0,0,0.0014,0,0,0,0,0,0,0,0,0,0,2708.5,0,0,0,0,0,0,0,0,0,0,2708.4,0,0,0,0,0,0,0,0,0,0,0,0,0,0,,,P
Kenyon,A,,2nd.half,2708,A,0.0714,A,0,A,0,10.3893,0,0,0,46.7036,A,1.3521,2.7837,0.1573,0,0,0,0,0.0714,0,0,0,0,2708.4,0,0,0,0,0,0,0,0,0,0,0,0,0,0,0.0396,0,0,0,0,1309.1,0.1,0,0,0,0.0317,0,0,0,0,1399,0.2,0,0,0,0.0714,0,0,0,0,0,0,0,0,0,0,2708.4,0,0,0,0,0,0,0,0,0,0,2708.4,0,0,0,0,0,0,0,0,0,0,0,0,0,0,,,A
Kenyon,B ,,2nd.half,2708,B ,0.8699,B ,72.0919,B ,6,152.6582,1,0,0,77.4251,B ,14.3762,33.921,2.3821,13.9007,0,6,4.0667,0.1201,0.4506,0.2582,0.041,0,2181.3,401.8,113.5,11.9,0,25,1,0,0,0,0,5,1,0,0,0.3681,0.059,0.0178,0.0029,0.0024,804.3,48.7,9.8,1.7,1.2,0.3416,0.0619,0.0136,0.0023,0.0002,1773.5,55.8,11.1,2.2,0.2,0.1663,0.2597,0.214,0.1191,0.0573,0.0239,0.0118,0.0086,0.0039,0.0031,0.0022,2241.9,244.8,123.9,53.8,22.8,9.4,4.8,3.2,1.7,1.3,0.9,2708.4,0,0,0,0,0,41,16,6,2,0,36,17,4,4,,,B 
Kenyon,Q,,2nd.half,2708,Q,2.9557,Q,29.1622,Q,16,621.592,3,0,0,219.8665,Q,13.0241,115.2586,8.002,46.6162,0,5.0889,4.026,2.6681,0.1885,0.0825,0.0162,0.0004,2607.7,69.6,26.5,4.6,0.1,95,3,0,0,0,0,11,4,1,0,1.2347,0.207,0.0512,0.015,0.0041,1161.3,153.1,33.3,8.2,2.5,1.1962,0.2078,0.034,0.0055,0.0003,1143.3,171,30.1,5.5,0.2,0.5062,0.9545,0.7854,0.4271,0.1698,0.0623,0.0273,0.0135,0.0055,0.0023,0.0018,990.8,940.2,456.9,198.3,72,27.5,11.8,6.2,2.5,1.2,1.1,0,0,0,0,0,0,155,63,17,2,0,139,65,20,12,,,Q
Kenyon,U,,2nd.half,2708,U,1.4563,U,132.1639,U,16,238.7932,0,0,0,105.5668,U,15.947,56.7902,4.1685,22.8114,0,5.6075,5.6356,1.1864,0.1262,0.0686,0.0412,0.0339,2620.2,46.5,21.7,11.5,8.4,29,0,0,0,0,0,11,3,1,1,0.5772,0.1087,0.0451,0.0172,0.0059,925.7,75.5,25.7,8.9,2.8,0.5219,0.1389,0.0326,0.0077,0.0011,1539,99,24.6,6.2,0.9,0.2665,0.4536,0.2557,0.2028,0.1122,0.067,0.0417,0.0204,0.0155,0.0087,0.012,1914.6,445.9,149.4,90.7,45.3,25.1,16,7.4,5.5,3.5,4.9,2708.4,0,0,0,0,0,55,42,21,4,0,36,43,20,9,,,U
Kenyon,I,,2nd.half,2708,I,2.2049,I,150.285,I,19,315.7168,0,0,0,154.1598,I,15.0522,85.9796,6.0208,32.1998,0,6,3.5207,1.8483,0.1692,0.1019,0.0595,0.0259,2590.6,62.2,32.4,16.7,6.5,22,0,0,0,0,0,7,9,2,1,0.9085,0.1587,0.0357,0.0114,0.0064,929.4,105.3,20.8,6.8,3.3,0.8878,0.1626,0.0307,0.0031,0,1495.5,119.5,24.9,2.9,0,0.4384,0.6107,0.4884,0.3184,0.1749,0.0941,0.0426,0.0205,0.0097,0.0041,0.003,1556,595.6,280.4,142.6,68.8,35.2,15.6,7.5,3.9,1.5,1.3,2708.5,0,0,0,0,0,95,49,15,0,0,90,41,13,12,,,I
Kenyon,V,,2nd.half,2708,V,2.9519,V,39.5756,V,9,522.2253,0,0,0,235.0052,V,14.1326,115.1104,8.0272,48.0414,0,4.5289,4.64,2.7098,0.1709,0.0487,0.0182,0.0043,2623.3,63.4,15.6,5.1,1.1,110,0,0,0,0,0,4,4,1,0,1.2616,0.2071,0.0516,0.0127,0.0021,1178.6,159,31,7.6,1.4,1.1602,0.2109,0.0392,0.0061,0.0003,1109.4,179.7,35.8,5.7,0.3,0.5219,0.8727,0.8567,0.4434,0.148,0.0547,0.0257,0.0125,0.0082,0.0036,0.0044,1063.6,831.5,493,206.5,65.2,24.1,11.7,5.8,3.6,1.6,1.9,2708.4,0,0,0,0,0,159,86,24,2,0,166,66,24,7,,,V
Kenyon,L ,,2nd.half,2708,L ,2.7756,L ,122.6615,L ,19,478.3705,0,0,0,190.0917,L ,15.6488,108.2342,7.6978,42.0749,0,5.2371,4.7556,2.4738,0.1608,0.0713,0.0396,0.0301,2607.7,59.5,22.7,11.1,7.5,36,0,0,0,0,0,14,5,0,0,1.1496,0.2261,0.0556,0.0165,0.0045,1184.2,162.5,33,8.2,2.2,1.0475,0.2182,0.0463,0.0105,0.0008,1093.6,177.4,37.7,8.9,0.8,0.5679,0.8658,0.6316,0.3723,0.1515,0.0815,0.0409,0.0278,0.0175,0.0066,0.0124,1176.3,851.5,366.6,174.6,64.6,32.6,16.9,10.6,6.8,2.5,5.5,2708.4,0,0,0,0,0,142,77,27,5,0,139,67,25,8,,,L 